Timestamp,1. Gender,2. Age ,3. Are you considered an essential worker? ,4. Have you worked in the last month?,5. Are you a student?,"6. In the last month, how often have you been upset because of something that happened unexpectedly?","7. In the last month, how often have you felt that you were unable to control important things in your life?","8. In the last month, how often have you felt nervous and stressed?","9. In the last month, how often have you felt confident about your ability to handle your personal problems?","10. In the last month, how often have you felt that things were going your way?"," 11. In the last month, how often have you found that you could not cope with all the things that you had to do? ","12. In the last month, how often have you been able to control irritations in your life? ","13. In the last month, how often have you felt that you were on top of things? ","14. In the last month, how often have you been angered because of things that were outside of your control? ","15. In the last month, how often have you felt difficulties were piling up so high that you could not overcome them?"
4/27/2020 8:38,Female,18-29,Yes,No,No,Fairly Often,Sometimes,Very Often,Fairly Often,Almost Never,Never,Never,Never,Very Often,Sometimes
4/27/2020 8:43,Male,18-29,No,"Yes, I am going to work",No,Sometimes,Fairly Often,Sometimes,Sometimes,Almost Never,Almost Never,Fairly Often,Sometimes,Fairly Often,Almost Never
4/27/2020 10:50,Female,18-29,Yes,No,No,Fairly Often,Fairly Often,Fairly Often,Almost Never,Almost Never,Fairly Often,Sometimes,Almost Never,Fairly Often,Fairly Often
4/27/2020 10:54,Female,18-29,Yes,"Yes, I am going to work",No,Fairly Often,Fairly Often,Sometimes,Sometimes,Sometimes,Sometimes,Sometimes,Sometimes,Fairly Often,Fairly Often
4/27/2020 10:55,Female,30-44,No,No,No,Almost Never,Sometimes,Almost Never,Very Often,Fairly Often,Sometimes,Almost Never,Fairly Often,Almost Never,Sometimes
4/27/2020 10:59,Female,18-29,Not Employed,No,Yes,Sometimes,Sometimes,Sometimes,Very Often,Very Often,Almost Never,Fairly Often,Fairly Often,Almost Never,Never
4/27/2020 11:03,Female,45-54,Yes,"Yes, I am going to work",No,Fairly Often,Very Often,Fairly Often,Fairly Often,Very Often,Fairly Often,Sometimes,Fairly Often,Almost Never,Sometimes
4/27/2020 11:03,Female,18-29,Yes,"Yes, I am going to work",No,Sometimes,Fairly Often,Fairly Often,Sometimes,Almost Never,Sometimes,Fairly Often,Sometimes,Sometimes,Sometimes
4/27/2020 11:08,Female,18-29,Yes,"Yes, I am going to work",Yes,Sometimes,Sometimes,Fairly Often,Very Often,Fairly Often,Sometimes,Sometimes,Fairly Often,Fairly Often,Almost Never
4/27/2020 11:10,Female,18-29,No,"Yes, I am working from home",No,Sometimes,Sometimes,Fairly Often,Sometimes,Sometimes,Sometimes,Sometimes,Almost Never,Very Often,Sometimes
4/27/2020 11:10,Female,18-29,Yes,"Yes, I am going to work",No,Sometimes,Sometimes,Fairly Often,Fairly Often,Sometimes,Fairly Often,Sometimes,Fairly Often,Almost Never,Sometimes
4/27/2020 11:11,Female,18-29,Yes,"Yes, I am working from home",No,Sometimes,Almost Never,Fairly Often,Very Often,Fairly Often,Almost Never,Fairly Often,Very Often,Almost Never,Almost Never
4/27/2020 11:14,Female,18-29,Yes,"Yes, I am working from home",No,Sometimes,Almost Never,Fairly Often,Fairly Often,Fairly Often,Almost Never,Sometimes,Fairly Often,Sometimes,Sometimes
4/27/2020 11:20,Female,18-29,Yes,"Yes, I am going to work",No,Never,Never,Sometimes,Sometimes,Fairly Often,Almost Never,Sometimes,Sometimes,Sometimes,Never
4/27/2020 11:29,Female,18-29,Not Employed,No,No,Very Often,Very Often,Very Often,Sometimes,Fairly Often,Very Often,Fairly Often,Fairly Often,Fairly Often,Very Often
4/27/2020 11:32,Male,18-29,Yes,"Yes, I am going to work",No,Sometimes,Sometimes,Fairly Often,Almost Never,Sometimes,Fairly Often,Sometimes,Almost Never,Fairly Often,Fairly Often
4/27/2020 11:34,Male,18-29,No,"Yes, I am working from home",No,Sometimes,Sometimes,Sometimes,Very Often,Fairly Often,Never,Very Often,Fairly Often,Never,Never
4/27/2020 11:37,Female,18-29,Yes,"Yes, I am going to work",No,Sometimes,Sometimes,Sometimes,Fairly Often,Sometimes,Almost Never,Sometimes,Sometimes,Sometimes,Sometimes
4/27/2020 11:39,Female,30-44,Yes,"Yes, I am working from home",No,Fairly Often,Sometimes,Sometimes,Fairly Often,Sometimes,Sometimes,Sometimes,Sometimes,Fairly Often,Sometimes
4/27/2020 11:44,Male,55-64,No,No,No,Very Often,Very Often,Very Often,Sometimes,Sometimes,Very Often,Sometimes,Sometimes,Very Often,Very Often
4/27/2020 11:45,Female,55-64,No,No,No,Almost Never,Almost Never,Almost Never,Very Often,Fairly Often,Almost Never,Very Often,Very Often,Almost Never,Almost Never
4/27/2020 11:46,Female,30-44,No,No,No,Sometimes,Sometimes,Sometimes,Very Often,Fairly Often,Almost Never,Fairly Often,Fairly Often,Sometimes,Fairly Often
4/27/2020 11:53,Female,18-29,Yes,"Yes, I am going to work",No,Sometimes,Sometimes,Fairly Often,Sometimes,Sometimes,Almost Never,Sometimes,Fairly Often,Fairly Often,Almost Never
4/27/2020 11:53,Male,18-29,No,No,Yes,Sometimes,Sometimes,Almost Never,Never,Almost Never,Almost Never,Fairly Often,,Almost Never,Almost Never
4/27/2020 11:53,Female,18-29,No,No,No,Sometimes,Sometimes,Sometimes,Fairly Often,Sometimes,Fairly Often,Sometimes,Fairly Often,Fairly Often,Sometimes
4/27/2020 11:59,Male,30-44,Yes,"Yes, I am working from home",No,Almost Never,Almost Never,Almost Never,Fairly Often,Fairly Often,Almost Never,Fairly Often,Very Often,Sometimes,Almost Never
4/27/2020 12:13,Male,18-29,Yes,"Yes, I am going to work",Yes,Fairly Often,Very Often,Very Often,Almost Never,Sometimes,Very Often,Almost Never,Never,Sometimes,Very Often
4/27/2020 12:20,Male,45-54,Yes,"Yes, I am working from home",No,Sometimes,Fairly Often,Sometimes,Fairly Often,Sometimes,Sometimes,Sometimes,Fairly Often,Almost Never,Almost Never
4/27/2020 12:24,Male,18-29,Yes,No,Yes,Fairly Often,Sometimes,Sometimes,Fairly Often,Almost Never,Sometimes,Sometimes,Almost Never,Fairly Often,Sometimes
4/27/2020 12:27,Female,55-64,No,"Yes, I am working from home",No,Sometimes,Sometimes,Fairly Often,Fairly Often,Fairly Often,Almost Never,Sometimes,Fairly Often,Sometimes,Almost Never
4/27/2020 12:30,Female,18-29,Not Employed,No,Yes,Fairly Often,Sometimes,Very Often,Almost Never,Sometimes,Fairly Often,Sometimes,Never,Fairly Often,Very Often
4/27/2020 12:30,Female,30-44,Yes,"Yes, I am going to work",No,Sometimes,Sometimes,Sometimes,Sometimes,Sometimes,Fairly Often,Sometimes,Sometimes,Fairly Often,Sometimes
4/27/2020 12:46,Female,18-29,No,No,Yes,Sometimes,Fairly Often,Sometimes,Sometimes,Sometimes,Almost Never,Almost Never,Sometimes,Sometimes,Never
4/27/2020 12:47,Male,18-29,Yes,"Yes, I am going to work",No,Very Often,Sometimes,Sometimes,Fairly Often,Almost Never,Sometimes,Never,Almost Never,Very Often,Almost Never
4/27/2020 12:48,Male,17 and below,Not Employed,No,Yes,Sometimes,Fairly Often,Very Often,Almost Never,Sometimes,Very Often,Never,Almost Never,Fairly Often,Very Often
4/27/2020 12:48,Female,17 and below,Yes,"Yes, I am going to work",Yes,Very Often,Never,Very Often,Almost Never,Never,Sometimes,Almost Never,Sometimes,Very Often,Fairly Often
4/27/2020 12:48,Female,18-29,No,"Yes, I am going to work",Yes,Sometimes,Fairly Often,Very Often,Sometimes,Almost Never,Sometimes,Sometimes,Almost Never,Fairly Often,Fairly Often
4/27/2020 12:50,Female,17 and below,Not Employed,No,Yes,Very Often,Sometimes,Fairly Often,Sometimes,Sometimes,Sometimes,Sometimes,Fairly Often,Very Often,Fairly Often
4/27/2020 12:51,Female,18-29,No,No,No,Sometimes,Sometimes,Fairly Often,Sometimes,Fairly Often,Sometimes,Fairly Often,Sometimes,Sometimes,Sometimes
4/27/2020 12:55,Female,18-29,Yes,"Yes, I am going to work",Yes,Fairly Often,Sometimes,Very Often,Fairly Often,Almost Never,Very Often,Almost Never,Fairly Often,Very Often,Very Often
4/27/2020 12:55,Female,18-29,Not Employed,No,Yes,Sometimes,Sometimes,Fairly Often,Fairly Often,Never,Almost Never,Sometimes,Fairly Often,Sometimes,Never
4/27/2020 12:59,Female,18-29,Yes,"Yes, I am working from home",No,Fairly Often,Very Often,Very Often,Almost Never,Almost Never,Very Often,Sometimes,Almost Never,Almost Never,Sometimes
4/27/2020 12:59,Female,30-44,Yes,"Yes, I am going to work",No,Sometimes,Almost Never,Sometimes,Very Often,Sometimes,Almost Never,Fairly Often,Fairly Often,Sometimes,Almost Never
4/27/2020 12:59,Female,18-29,Yes,"Yes, I am going to work",Yes,Sometimes,Fairly Often,Sometimes,Fairly Often,Sometimes,Sometimes,Sometimes,Sometimes,Sometimes,Almost Never
4/27/2020 12:59,Female,30-44,Yes,"Yes, I am going to work",No,Sometimes,Sometimes,Very Often,Sometimes,Almost Never,Fairly Often,Almost Never,Sometimes,Very Often,Fairly Often
4/27/2020 13:05,Female,17 and below,Not Employed,No,Yes,Sometimes,Sometimes,Fairly Often,Sometimes,Almost Never,Fairly Often,Sometimes,Sometimes,Sometimes,Very Often
4/27/2020 13:09,Female,45-54,No,No,No,Sometimes,Almost Never,Sometimes,Very Often,Very Often,Almost Never,Very Often,Very Often,Almost Never,Almost Never
4/27/2020 13:12,Female,18-29,No,"Yes, I am working from home",Yes,Sometimes,Sometimes,Fairly Often,Sometimes,Sometimes,Fairly Often,Almost Never,Sometimes,Fairly Often,Fairly Often
4/27/2020 13:18,Female,18-29,Yes,"Yes, I am working from home",No,Sometimes,Sometimes,Sometimes,Sometimes,Sometimes,Never,Fairly Often,Sometimes,Almost Never,Sometimes
4/27/2020 13:21,Female,18-29,No,"Yes, I am going to work",No,Almost Never,Sometimes,Sometimes,Fairly Often,Sometimes,Almost Never,Fairly Often,Fairly Often,Almost Never,Never
4/27/2020 13:23,Female,18-29,No,"Yes, I am working from home",Yes,Sometimes,Fairly Often,Very Often,Almost Never,Sometimes,Fairly Often,Fairly Often,Sometimes,Sometimes,Fairly Often
4/27/2020 13:25,Female,17 and below,Not Employed,No,Yes,Sometimes,Sometimes,Fairly Often,Sometimes,Sometimes,Fairly Often,Sometimes,Fairly Often,Sometimes,Fairly Often
4/27/2020 13:44,Female,18-29,Yes,"Yes, I am going to work",Yes,Sometimes,Almost Never,Almost Never,Fairly Often,Fairly Often,Sometimes,Sometimes,Fairly Often,Sometimes,Sometimes
4/27/2020 13:45,Male,55-64,Not Employed,No,No,Fairly Often,Sometimes,Sometimes,Sometimes,Sometimes,Sometimes,Fairly Often,Fairly Often,Sometimes,Sometimes
4/27/2020 13:46,Female,17 and below,Not Employed,No,Yes,Almost Never,Sometimes,Fairly Often,Never,Never,Very Often,Sometimes,Almost Never,Fairly Often,Fairly Often
4/27/2020 14:01,Male,30-44,Yes,No,No,Sometimes,Sometimes,Fairly Often,Sometimes,Sometimes,Sometimes,Sometimes,Fairly Often,Almost Never,Almost Never
4/27/2020 14:02,Male,18-29,Yes,"Yes, I am going to work",Yes,Sometimes,Fairly Often,Fairly Often,Almost Never,Sometimes,Sometimes,Sometimes,Sometimes,Sometimes,Sometimes
4/27/2020 14:04,Male,45-54,Yes,"Yes, I am going to work",No,Almost Never,Almost Never,Sometimes,Very Often,Very Often,Never,Very Often,Fairly Often,Sometimes,Never
4/27/2020 14:06,Female,17 and below,No,No,Yes,Sometimes,Very Often,Fairly Often,Sometimes,Almost Never,Fairly Often,Sometimes,Never,Fairly Often,Fairly Often
4/27/2020 14:09,Male,18-29,Yes,"Yes, I am going to work",No,Fairly Often,Fairly Often,Very Often,Fairly Often,Almost Never,Sometimes,Fairly Often,Very Often,Very Often,Fairly Often
4/27/2020 14:11,Female,55-64,Yes,No,No,Fairly Often,Sometimes,Sometimes,Sometimes,Fairly Often,Sometimes,Sometimes,Sometimes,Sometimes,Sometimes
4/27/2020 14:22,Male,30-44,Yes,"Yes, I am going to work",No,Sometimes,Almost Never,Sometimes,Fairly Often,Fairly Often,Never,Fairly Often,Fairly Often,Almost Never,Almost Never
4/27/2020 14:39,Female,30-44,No,"Yes, I am going to work",No,Sometimes,Fairly Often,Very Often,Sometimes,Almost Never,Sometimes,Fairly Often,Sometimes,Almost Never,Sometimes
4/27/2020 14:47,Female,18-29,No,"Yes, I am working from home",Yes,Sometimes,Sometimes,Fairly Often,Sometimes,Sometimes,Sometimes,Sometimes,Sometimes,Sometimes,Sometimes
4/27/2020 14:52,Female,18-29,Not Employed,No,Yes,Fairly Often,Fairly Often,Very Often,Almost Never,Almost Never,Very Often,Almost Never,Sometimes,Fairly Often,Fairly Often
4/27/2020 14:55,Male,18-29,Yes,"Yes, I am going to work",Yes,Sometimes,Almost Never,Sometimes,Sometimes,Fairly Often,Almost Never,Sometimes,Sometimes,Fairly Often,Sometimes
4/27/2020 15:04,Female,18-29,No,"Yes, I am working from home",No,Sometimes,Sometimes,Fairly Often,Sometimes,Sometimes,Sometimes,Sometimes,Fairly Often,Almost Never,Almost Never
4/27/2020 15:06,Male,18-29,Yes,"Yes, I am going to work",Yes,Fairly Often,Fairly Often,Very Often,Fairly Often,Almost Never,Fairly Often,Almost Never,Almost Never,Fairly Often,Fairly Often
4/27/2020 15:14,Female,45-54,No,"Yes, I am working from home",No,Almost Never,Never,Almost Never,Very Often,Very Often,Never,Very Often,Very Often,Almost Never,Never
4/27/2020 15:15,Male,18-29,Yes,"Yes, I am going to work",No,Sometimes,Sometimes,Sometimes,Fairly Often,Sometimes,Sometimes,Fairly Often,Fairly Often,Sometimes,Almost Never
4/27/2020 15:16,Female,18-29,Yes,"Yes, I am going to work",No,Sometimes,Very Often,Very Often,Sometimes,Almost Never,Sometimes,Almost Never,Sometimes,Fairly Often,Sometimes
4/27/2020 15:21,Female,30-44,Yes,"Yes, I am going to work",No,Sometimes,Sometimes,Fairly Often,Sometimes,Almost Never,Almost Never,Sometimes,Sometimes,Sometimes,Sometimes
4/27/2020 15:39,Female,45-54,Yes,"Yes, I am going to work",No,Very Often,Fairly Often,Sometimes,Very Often,Fairly Often,Sometimes,Fairly Often,Sometimes,Very Often,Fairly Often
4/27/2020 15:40,Female,45-54,Not Employed,No,No,Sometimes,Sometimes,Sometimes,Very Often,Never,Sometimes,Sometimes,Sometimes,Never,Sometimes
4/27/2020 15:41,Female,18-29,No,"Yes, I am working from home",No,Fairly Often,Sometimes,Very Often,Sometimes,Sometimes,Very Often,Sometimes,Sometimes,Fairly Often,Sometimes
4/27/2020 15:42,Female,30-44,Yes,"Yes, I am working from home",No,Fairly Often,Sometimes,Very Often,Sometimes,Almost Never,Sometimes,Sometimes,Sometimes,Fairly Often,Fairly Often
4/27/2020 15:45,Female,45-54,Yes,"Yes, I am working from home",No,Sometimes,Sometimes,Fairly Often,Fairly Often,Sometimes,Sometimes,Sometimes,Fairly Often,Sometimes,Sometimes
4/27/2020 15:59,Female,17 and below,Not Employed,No,Yes,Sometimes,Sometimes,Fairly Often,Fairly Often,Sometimes,Sometimes,Very Often,Very Often,Sometimes,Fairly Often
4/27/2020 16:00,Female,17 and below,Not Employed,No,Yes,Sometimes,Fairly Often,Very Often,Fairly Often,Almost Never,Sometimes,Sometimes,Almost Never,Fairly Often,Very Often
4/27/2020 16:01,Female,17 and below,Not Employed,No,Yes,Very Often,Fairly Often,Very Often,Sometimes,Almost Never,Very Often,Sometimes,Almost Never,Fairly Often,Fairly Often
4/27/2020 16:09,Male,17 and below,Not Employed,No,Yes,Almost Never,Sometimes,Sometimes,Almost Never,Sometimes,Fairly Often,Fairly Often,Almost Never,Fairly Often,Sometimes
4/27/2020 16:10,Female,30-44,No,No,No,Sometimes,Almost Never,Sometimes,Sometimes,Almost Never,Sometimes,Sometimes,Never,Never,Never
4/27/2020 16:15,Female,18-29,Yes,"Yes, I am going to work",No,Sometimes,Fairly Often,Fairly Often,Sometimes,Sometimes,Sometimes,Sometimes,Almost Never,Sometimes,Sometimes
4/27/2020 16:16,Female,18-29,Not Employed,No,Yes,Fairly Often,Very Often,Sometimes,Sometimes,Fairly Often,Fairly Often,Sometimes,Sometimes,Very Often,Fairly Often
4/27/2020 16:17,Male,18-29,Yes,"Yes, I am going to work",Yes,Sometimes,Sometimes,Sometimes,Very Often,Fairly Often,Almost Never,Sometimes,Almost Never,Sometimes,Sometimes
4/27/2020 16:20,Female,30-44,Yes,"Yes, I am going to work",No,Sometimes,Fairly Often,Very Often,Sometimes,Sometimes,Sometimes,Fairly Often,Sometimes,Never,Sometimes
4/27/2020 16:21,Female,30-44,Not Employed,No,No,Sometimes,Sometimes,Fairly Often,Fairly Often,Sometimes,Fairly Often,Sometimes,Sometimes,Fairly Often,Sometimes
4/27/2020 16:27,Female,18-29,Yes,"Yes, I am going to work",No,Fairly Often,Fairly Often,Fairly Often,Sometimes,Sometimes,Sometimes,Almost Never,Almost Never,Fairly Often,Fairly Often
4/27/2020 16:28,Female,30-44,No,No,No,Sometimes,Never,Sometimes,Fairly Often,Fairly Often,Fairly Often,Very Often,Sometimes,Sometimes,Almost Never
4/27/2020 16:31,Female,45-54,Not Employed,No,No,Sometimes,Sometimes,Sometimes,Sometimes,Sometimes,Sometimes,Sometimes,Sometimes,Sometimes,Sometimes
4/27/2020 16:33,Female,30-44,Not Employed,No,No,Fairly Often,Sometimes,Very Often,Sometimes,Almost Never,Almost Never,Sometimes,Sometimes,Sometimes,Sometimes
4/27/2020 16:38,Female,45-54,No,No,No,Sometimes,Sometimes,Sometimes,Fairly Often,Almost Never,Almost Never,Sometimes,Sometimes,Sometimes,Sometimes
4/27/2020 16:45,Male,18-29,Yes,"Yes, I am going to work",No,Sometimes,Sometimes,Fairly Often,Fairly Often,Sometimes,Fairly Often,Sometimes,Fairly Often,Very Often,Very Often
4/27/2020 16:59,Female,18-29,No,No,Yes,Very Often,Sometimes,Sometimes,Very Often,Fairly Often,Almost Never,Fairly Often,Fairly Often,Fairly Often,Sometimes
4/27/2020 17:03,Female,18-29,Not Employed,No,Yes,Fairly Often,Very Often,Very Often,Sometimes,Almost Never,Sometimes,Almost Never,Sometimes,Sometimes,Fairly Often
4/27/2020 17:04,Female,30-44,Not Employed,No,No,Almost Never,Sometimes,Almost Never,Sometimes,,Almost Never,Fairly Often,Sometimes,Almost Never,Sometimes
4/27/2020 17:14,Female,18-29,Yes,"Yes, I am going to work",No,Fairly Often,Sometimes,Fairly Often,Sometimes,Sometimes,Sometimes,Sometimes,Sometimes,Fairly Often,Sometimes
4/27/2020 17:15,Female,30-44,Yes,"Yes, I am going to work",No,Sometimes,Almost Never,Sometimes,Very Often,Very Often,Almost Never,Very Often,Very Often,Almost Never,Never
4/27/2020 17:15,Female,18-29,Not Employed,No,No,Sometimes,Almost Never,Sometimes,Fairly Often,Fairly Often,Sometimes,Sometimes,Sometimes,Fairly Often,Sometimes
4/27/2020 17:24,Female,45-54,No,No,No,Sometimes,Very Often,Very Often,Fairly Often,Fairly Often,Fairly Often,Fairly Often,Fairly Often,Sometimes,Sometimes
4/27/2020 17:31,Female,45-54,No,No,No,Sometimes,Almost Never,Sometimes,Fairly Often,Sometimes,Very Often,Fairly Often,Sometimes,Sometimes,Very Often
4/27/2020 17:38,Female,30-44,No,No,No,Sometimes,Very Often,Very Often,Sometimes,Almost Never,Fairly Often,Sometimes,Sometimes,Very Often,Fairly Often
4/27/2020 17:50,Female,30-44,Not Employed,No,No,Sometimes,Sometimes,Sometimes,Sometimes,Sometimes,Sometimes,Sometimes,Sometimes,Sometimes,Sometimes
4/27/2020 18:06,Male,18-29,No,No,Yes,Sometimes,Fairly Often,Fairly Often,Fairly Often,Sometimes,Sometimes,Fairly Often,Sometimes,Very Often,Very Often
4/27/2020 18:11,Female,30-44,Not Employed,No,No,Very Often,Fairly Often,Very Often,Sometimes,Fairly Often,Very Often,Very Often,Fairly Often,Very Often,Very Often
4/27/2020 18:12,Female,30-44,Yes,No,Yes,Sometimes,Almost Never,Sometimes,Almost Never,Sometimes,Sometimes,Almost Never,Fairly Often,Almost Never,Sometimes
4/27/2020 18:14,Female,45-54,Yes,No,No,Fairly Often,Almost Never,Sometimes,Almost Never,Fairly Often,Sometimes,Sometimes,Very Often,Sometimes,Almost Never
4/27/2020 18:15,Female,30-44,No,No,No,Never,Sometimes,Sometimes,Sometimes,Sometimes,Sometimes,Sometimes,Sometimes,Sometimes,Sometimes
4/27/2020 18:15,Female,30-44,Not Employed,No,No,Sometimes,Almost Never,Sometimes,Fairly Often,Sometimes,Sometimes,Fairly Often,Sometimes,Almost Never,Almost Never
4/27/2020 18:15,Female,18-29,Not Employed,No,No,Very Often,Fairly Often,Very Often,Very Often,Fairly Often,Almost Never,Almost Never,Fairly Often,Very Often,Fairly Often
4/27/2020 18:15,Female,45-54,No,No,No,Almost Never,Sometimes,Fairly Often,Never,Never,Never,Almost Never,Never,Never,Almost Never
4/27/2020 18:17,Female,30-44,No,No,No,Sometimes,Fairly Often,Fairly Often,Almost Never,Never,Very Often,Sometimes,Sometimes,Sometimes,Sometimes
4/27/2020 18:18,Female,30-44,No,No,No,Very Often,Fairly Often,Sometimes,Almost Never,Sometimes,Fairly Often,Sometimes,Sometimes,Sometimes,Sometimes
4/27/2020 18:20,Female,55-64,No,No,No,Very Often,Fairly Often,Fairly Often,Very Often,Fairly Often,Almost Never,Very Often,Fairly Often,Sometimes,Almost Never
4/27/2020 18:22,Female,30-44,No,No,No,Never,Never,Very Often,Never,Never,Never,Very Often,Almost Never,Never,Almost Never
4/27/2020 18:23,Female,30-44,Yes,"Yes, I am going to work",No,Never,Never,Never,Very Often,Very Often,Never,Very Often,Very Often,Never,Never
4/27/2020 18:24,Female,30-44,No,"Yes, I am going to work",No,Very Often,Very Often,Very Often,Sometimes,Sometimes,Fairly Often,Sometimes,Almost Never,Very Often,Fairly Often
4/27/2020 18:25,Female,18-29,No,No,No,Never,Sometimes,Sometimes,Fairly Often,Sometimes,Sometimes,Sometimes,Fairly Often,Fairly Often,Sometimes
4/27/2020 18:25,Female,30-44,Not Employed,No,No,Sometimes,Fairly Often,Sometimes,Sometimes,Almost Never,Fairly Often,Sometimes,Fairly Often,Fairly Often,Sometimes
4/27/2020 18:27,Female,18-29,Not Employed,No,No,Fairly Often,Sometimes,Very Often,Sometimes,Sometimes,Fairly Often,Sometimes,Sometimes,Fairly Often,Fairly Often
4/27/2020 18:29,Female,45-54,Not Employed,No,No,Sometimes,Fairly Often,Very Often,Sometimes,Fairly Often,Never,Very Often,Never,Very Often,Fairly Often
4/27/2020 18:31,Female,30-44,Not Employed,No,No,Sometimes,Sometimes,Sometimes,Fairly Often,Fairly Often,Sometimes,Fairly Often,Fairly Often,Almost Never,Almost Never
4/27/2020 18:35,Female,55-64,Not Employed,No,No,Sometimes,Almost Never,Fairly Often,Fairly Often,Sometimes,Sometimes,Sometimes,Sometimes,Fairly Often,Sometimes
4/27/2020 18:35,Female,30-44,No,"Yes, I am working from home",Yes,Sometimes,Almost Never,Sometimes,Fairly Often,Sometimes,Sometimes,Sometimes,Fairly Often,Sometimes,Sometimes
4/27/2020 18:36,Female,30-44,Not Employed,No,No,Fairly Often,Sometimes,Sometimes,Fairly Often,Sometimes,Sometimes,Sometimes,Sometimes,Fairly Often,Fairly Often
4/27/2020 18:41,Male,18-29,Yes,"Yes, I am going to work",No,Fairly Often,Fairly Often,Very Often,Never,Almost Never,Never,Sometimes,Never,Fairly Often,Very Often
4/27/2020 18:43,Male,18-29,No,No,Yes,Very Often,Fairly Often,Very Often,Very Often,Almost Never,Very Often,Sometimes,Almost Never,Very Often,Very Often
4/27/2020 18:44,Female,45-54,No,No,No,Sometimes,Almost Never,Very Often,Sometimes,Sometimes,Almost Never,Sometimes,Sometimes,Sometimes,Sometimes
4/27/2020 18:46,Female,30-44,No,No,No,Almost Never,Sometimes,Sometimes,Almost Never,Almost Never,Almost Never,Almost Never,Almost Never,Almost Never,Almost Never
4/27/2020 18:46,Female,30-44,Not Employed,No,No,Almost Never,Never,Almost Never,Sometimes,Never,Never,Fairly Often,Fairly Often,Almost Never,Almost Never
4/27/2020 18:46,Female,18-29,Yes,"Yes, I am going to work",No,Fairly Often,Fairly Often,Very Often,Sometimes,Sometimes,Almost Never,Sometimes,Sometimes,Almost Never,Sometimes
4/27/2020 18:47,Female,30-44,Not Employed,No,No,Sometimes,Sometimes,Sometimes,Sometimes,Sometimes,Sometimes,Sometimes,Sometimes,Sometimes,Sometimes
4/27/2020 18:49,Female,30-44,No,No,No,Never,Never,Sometimes,Never,Never,Never,Never,Never,Never,Never
4/27/2020 18:51,Female,30-44,No,"Yes, I am working from home",No,Sometimes,Almost Never,Sometimes,Fairly Often,Fairly Often,Sometimes,Sometimes,Almost Never,Fairly Often,Almost Never
4/27/2020 18:52,Female,18-29,Yes,"Yes, I am going to work",Yes,Fairly Often,Sometimes,Sometimes,Fairly Often,Sometimes,Very Often,Sometimes,Almost Never,Sometimes,Almost Never
4/27/2020 18:53,Female,30-44,No,No,No,Fairly Often,Sometimes,Sometimes,Sometimes,Sometimes,Fairly Often,Sometimes,Sometimes,Sometimes,Sometimes
4/27/2020 18:58,Female,30-44,No,No,No,Never,Never,Never,Never,Never,Never,Never,Never,Never,Never
4/27/2020 19:09,Female,30-44,No,No,No,Sometimes,Fairly Often,Fairly Often,Fairly Often,Sometimes,Sometimes,Sometimes,Almost Never,Fairly Often,Fairly Often
4/27/2020 19:11,Female,30-44,Not Employed,No,No,Sometimes,Fairly Often,Fairly Often,Fairly Often,Sometimes,Sometimes,Fairly Often,Sometimes,Sometimes,Sometimes
4/27/2020 19:11,Female,45-54,Yes,"Yes, I am working from home",No,Fairly Often,Sometimes,Sometimes,Never,Fairly Often,Almost Never,Sometimes,Fairly Often,Sometimes,Sometimes
4/27/2020 19:15,Female,45-54,No,"Yes, I am working from home",No,Very Often,Sometimes,Sometimes,Very Often,Never,Sometimes,Sometimes,Sometimes,Sometimes,Sometimes
4/27/2020 19:16,Female,30-44,Yes,No,No,Fairly Often,Sometimes,Fairly Often,Fairly Often,Sometimes,Sometimes,Sometimes,Sometimes,Fairly Often,Sometimes
4/27/2020 19:18,Female,45-54,Yes,No,No,Sometimes,Sometimes,Sometimes,Sometimes,Fairly Often,Sometimes,Fairly Often,Fairly Often,Almost Never,Almost Never
4/27/2020 19:19,Female,18-29,Not Employed,No,No,Very Often,Very Often,Very Often,Almost Never,Almost Never,Fairly Often,Sometimes,Sometimes,Very Often,Very Often
4/27/2020 19:23,Female,18-29,Not Employed,No,No,Very Often,Sometimes,Very Often,Very Often,Sometimes,Sometimes,Sometimes,Sometimes,Sometimes,Sometimes
4/27/2020 19:24,Female,30-44,No,"Yes, I am working from home",Yes,Very Often,Very Often,Very Often,Fairly Often,Fairly Often,Very Often,Almost Never,Sometimes,Fairly Often,Very Often
4/27/2020 19:26,Female,30-44,Not Employed,No,Yes,Sometimes,Sometimes,Sometimes,Sometimes,Fairly Often,Sometimes,Sometimes,Sometimes,Almost Never,Almost Never
4/27/2020 19:26,,,,,,,,,,,,,,,
4/27/2020 19:31,Female,30-44,No,"Yes, I am working from home",No,Sometimes,Sometimes,Sometimes,Fairly Often,Fairly Often,Sometimes,Fairly Often,Fairly Often,Sometimes,Sometimes
4/27/2020 19:32,Female,30-44,Yes,"Yes, I am going to work",No,Sometimes,Fairly Often,Fairly Often,Sometimes,Sometimes,Fairly Often,Sometimes,Sometimes,Fairly Often,Sometimes
4/27/2020 19:33,Female,18-29,No,No,No,Sometimes,Fairly Often,Very Often,Sometimes,Almost Never,Sometimes,Almost Never,Sometimes,Fairly Often,Fairly Often
4/27/2020 19:39,Female,45-54,No,No,Yes,Never,Fairly Often,Fairly Often,Sometimes,Sometimes,Almost Never,Sometimes,Sometimes,Never,Never
4/27/2020 19:49,Female,18-29,No,"Yes, I am working from home",No,Fairly Often,Sometimes,Fairly Often,Sometimes,Sometimes,Fairly Often,Sometimes,Sometimes,Fairly Often,Sometimes
4/27/2020 19:50,Female,30-44,No,No,Yes,Very Often,Very Often,Fairly Often,Fairly Often,Never,Fairly Often,Sometimes,Almost Never,Very Often,Fairly Often
4/27/2020 19:55,Female,30-44,No,No,Yes,Fairly Often,Fairly Often,Very Often,Fairly Often,Sometimes,Sometimes,Fairly Often,Sometimes,Fairly Often,Fairly Often
4/27/2020 19:55,Female,30-44,Yes,"Yes, I am going to work",No,Fairly Often,Never,Very Often,Sometimes,Never,Sometimes,Sometimes,Never,Sometimes,Sometimes
4/27/2020 20:01,Female,30-44,Yes,"Yes, I am working from home",No,Almost Never,Almost Never,Sometimes,Fairly Often,Fairly Often,Almost Never,Almost Never,Fairly Often,Sometimes,Almost Never
4/27/2020 20:04,Female,30-44,Not Employed,No,No,Sometimes,Fairly Often,Fairly Often,Sometimes,Sometimes,Sometimes,Sometimes,Sometimes,Sometimes,Sometimes
4/27/2020 20:11,Female,45-54,Yes,"Yes, I am working from home",No,Sometimes,Sometimes,Almost Never,Sometimes,Sometimes,Sometimes,Sometimes,Sometimes,Sometimes,Sometimes
4/27/2020 20:12,Female,30-44,No,No,No,Never,Sometimes,Fairly Often,Almost Never,Almost Never,Sometimes,Sometimes,Fairly Often,Sometimes,Almost Never
4/27/2020 20:13,Female,30-44,No,"Yes, I am working from home",No,Very Often,Fairly Often,Very Often,Sometimes,Sometimes,Fairly Often,Sometimes,Sometimes,Very Often,Very Often
4/27/2020 20:14,Female,55-64,No,No,No,Sometimes,Fairly Often,Fairly Often,Sometimes,Almost Never,Very Often,Sometimes,Sometimes,Fairly Often,Fairly Often
4/27/2020 20:18,Female,55-64,Not Employed,No,No,Very Often,Very Often,Very Often,Very Often,Almost Never,Almost Never,Sometimes,Almost Never,Fairly Often,Fairly Often
4/27/2020 20:19,Female,30-44,Not Employed,No,No,Sometimes,Sometimes,Sometimes,Fairly Often,Sometimes,Almost Never,Fairly Often,Fairly Often,Sometimes,Sometimes
4/27/2020 20:19,Female,18-29,Yes,"Yes, I am going to work",No,Sometimes,Sometimes,Fairly Often,Fairly Often,Sometimes,Sometimes,Sometimes,Almost Never,Sometimes,Sometimes
4/27/2020 20:23,Female,30-44,Not Employed,No,No,Almost Never,Never,Sometimes,Almost Never,Very Often,Never,,Very Often,Sometimes,Sometimes
4/27/2020 20:23,Female,18-29,Yes,No,No,Never,Never,Sometimes,Never,Sometimes,Almost Never,Sometimes,Sometimes,Sometimes,Almost Never
4/27/2020 20:24,Female,45-54,Yes,No,No,Very Often,Very Often,Very Often,Sometimes,Never,Very Often,Never,Never,Very Often,Very Often
4/27/2020 20:25,Female,45-54,Not Employed,No,No,Fairly Often,Fairly Often,Very Often,Sometimes,Sometimes,Very Often,Sometimes,Sometimes,Fairly Often,Sometimes
4/27/2020 20:25,,,,,,,,,,,,,,,
4/27/2020 20:30,Female,18-29,No,No,Yes,Sometimes,Sometimes,Sometimes,Sometimes,Sometimes,Sometimes,Sometimes,Sometimes,Sometimes,Sometimes
4/27/2020 20:32,Female,30-44,Not Employed,No,Yes,Sometimes,Sometimes,Sometimes,Fairly Often,Fairly Often,Almost Never,Fairly Often,Sometimes,Sometimes,Sometimes
4/27/2020 20:34,Female,18-29,No,No,Yes,Sometimes,Very Often,Very Often,Sometimes,Almost Never,Very Often,Sometimes,Sometimes,Sometimes,Sometimes
4/27/2020 20:36,Female,30-44,Yes,No,Yes,Sometimes,Sometimes,Never,Sometimes,Fairly Often,Sometimes,Never,Sometimes,Sometimes,Never
4/27/2020 20:39,Female,18-29,Not Employed,No,Yes,Very Often,Sometimes,Fairly Often,Very Often,Very Often,Never,Never,Never,Almost Never,Sometimes
4/27/2020 20:40,Female,18-29,No,No,No,Very Often,Fairly Often,Very Often,Sometimes,Almost Never,Fairly Often,Almost Never,Almost Never,Sometimes,Very Often
4/27/2020 20:40,Female,30-44,Yes,"Yes, I am working from home",No,Almost Never,Sometimes,Fairly Often,Very Often,Sometimes,Sometimes,Sometimes,Fairly Often,Sometimes,Almost Never
4/27/2020 20:45,Female,30-44,Yes,No,No,Never,Never,Sometimes,Never,Never,Sometimes,Sometimes,Never,Never,Never
4/27/2020 20:47,Female,45-54,Yes,"Yes, I am working from home",No,Sometimes,Fairly Often,Very Often,Fairly Often,Fairly Often,Fairly Often,Sometimes,Sometimes,Sometimes,Sometimes
4/27/2020 20:48,Female,30-44,Not Employed,No,No,Sometimes,Fairly Often,Very Often,Sometimes,Sometimes,Fairly Often,Sometimes,Sometimes,Sometimes,Very Often
4/27/2020 20:49,Female,45-54,Not Employed,No,No,Sometimes,Almost Never,Almost Never,Very Often,Fairly Often,Never,Very Often,Fairly Often,Never,Almost Never
4/27/2020 20:54,Female,55-64,No,No,No,Never,Never,Never,Very Often,Very Often,Never,Very Often,Very Often,Never,Never
4/27/2020 20:56,Female,45-54,,"Yes, I am working from home",No,Sometimes,Never,Sometimes,Sometimes,Sometimes,Sometimes,Sometimes,Sometimes,Sometimes,Sometimes
4/27/2020 21:00,Female,30-44,Yes,"Yes, I am going to work",No,Sometimes,Fairly Often,Very Often,Fairly Often,Almost Never,Sometimes,Almost Never,Almost Never,Fairly Often,Sometimes
4/27/2020 21:02,Male,30-44,Yes,"Yes, I am going to work",Yes,Very Often,Sometimes,Fairly Often,Fairly Often,Sometimes,Sometimes,Fairly Often,Fairly Often,Sometimes,Sometimes
4/27/2020 21:09,Female,30-44,No,"Yes, I am working from home",No,Sometimes,Almost Never,Fairly Often,Very Often,Sometimes,Sometimes,Sometimes,Fairly Often,Sometimes,Sometimes
4/27/2020 21:11,Female,30-44,No,No,No,Never,Never,Never,Never,Never,Never,Never,Never,Never,Never
4/27/2020 21:11,Female,55-64,Yes,"Yes, I am going to work",No,Sometimes,Sometimes,Very Often,Very Often,Sometimes,Sometimes,Fairly Often,Sometimes,Sometimes,Sometimes
4/27/2020 21:11,Female,30-44,No,No,No,Sometimes,Sometimes,Fairly Often,Fairly Often,Sometimes,Sometimes,Fairly Often,Sometimes,Very Often,Sometimes
4/27/2020 21:17,Male,30-44,No,"Yes, I am going to work",Yes,Fairly Often,Fairly Often,Fairly Often,Sometimes,Sometimes,Almost Never,Fairly Often,Fairly Often,Sometimes,Sometimes
4/27/2020 21:22,Female,45-54,No,No,No,Sometimes,Sometimes,Sometimes,Sometimes,Sometimes,Sometimes,Sometimes,Sometimes,Sometimes,Fairly Often
4/27/2020 21:23,Female,30-44,Not Employed,No,No,Sometimes,Sometimes,Sometimes,Sometimes,Sometimes,Fairly Often,Fairly Often,Sometimes,Sometimes,Sometimes
4/27/2020 21:24,Female,30-44,No,No,No,Sometimes,,Fairly Often,Sometimes,Sometimes,Fairly Often,,Sometimes,Fairly Often,Fairly Often
4/27/2020 21:26,Female,30-44,No,No,No,Sometimes,Almost Never,Sometimes,Fairly Often,Sometimes,Sometimes,Fairly Often,Fairly Often,Sometimes,Sometimes
4/27/2020 21:26,Female,18-29,No,"Yes, I am going to work",No,Sometimes,Sometimes,Sometimes,Fairly Often,Fairly Often,Almost Never,Fairly Often,Fairly Often,Almost Never,Almost Never
4/27/2020 21:29,Female,17 and below,Not Employed,No,,Sometimes,Sometimes,Fairly Often,Sometimes,Sometimes,Sometimes,Sometimes,Sometimes,Sometimes,Sometimes
4/27/2020 21:35,Male,30-44,Yes,"Yes, I am going to work",No,Fairly Often,Sometimes,Sometimes,Fairly Often,Sometimes,Sometimes,Sometimes,Fairly Often,Sometimes,Almost Never
4/27/2020 21:35,Female,18-29,Not Employed,No,Yes,Sometimes,Never,Sometimes,Very Often,Fairly Often,Never,Fairly Often,Fairly Often,Sometimes,Never
4/27/2020 21:36,Female,30-44,No,No,No,Sometimes,Very Often,Fairly Often,Sometimes,Sometimes,Almost Never,Very Often,Very Often,Sometimes,Fairly Often
4/27/2020 21:37,Female,45-54,Yes,"Yes, I am working from home",No,Sometimes,Fairly Often,Very Often,Fairly Often,Almost Never,Sometimes,Almost Never,Sometimes,Fairly Often,Fairly Often
4/27/2020 21:39,Female,18-29,Not Employed,No,No,Sometimes,Fairly Often,Fairly Often,Sometimes,Almost Never,Sometimes,Sometimes,Almost Never,Fairly Often,Fairly Often
4/27/2020 21:39,,,,,,,,,,,,,,,
4/27/2020 21:43,Female,30-44,No,No,No,Fairly Often,Sometimes,Fairly Often,Sometimes,Sometimes,Sometimes,Sometimes,Sometimes,Sometimes,Sometimes
4/27/2020 21:44,Female,45-54,No,No,No,Fairly Often,Sometimes,Very Often,Sometimes,Sometimes,Sometimes,Sometimes,Fairly Often,Sometimes,Almost Never
4/27/2020 21:47,Female,45-54,Yes,"Yes, I am working from home",No,Sometimes,Sometimes,Sometimes,Sometimes,Sometimes,Sometimes,Sometimes,Sometimes,Sometimes,Sometimes
4/27/2020 21:50,Female,30-44,Yes,"Yes, I am working from home",No,Sometimes,Sometimes,Sometimes,Fairly Often,Fairly Often,Sometimes,Sometimes,Fairly Often,Sometimes,Almost Never
4/27/2020 21:51,Female,30-44,Not Employed,No,No,Sometimes,Fairly Often,Sometimes,Fairly Often,Sometimes,Sometimes,Sometimes,Sometimes,Sometimes,Sometimes
4/27/2020 21:51,Female,30-44,No,"Yes, I am working from home",No,Almost Never,Sometimes,Fairly Often,Very Often,Fairly Often,Sometimes,Sometimes,Sometimes,Sometimes,Sometimes
4/27/2020 21:52,Female,30-44,Yes,No,No,Sometimes,Never,Sometimes,Never,Sometimes,Fairly Often,Sometimes,Almost Never,Sometimes,Sometimes
4/27/2020 21:54,Female,30-44,Not Employed,No,Yes,Sometimes,Sometimes,Sometimes,Fairly Often,Fairly Often,Sometimes,Fairly Often,Fairly Often,Almost Never,Almost Never
4/27/2020 21:55,Female,30-44,No,No,No,Very Often,Very Often,Very Often,Sometimes,Sometimes,Sometimes,Almost Never,Sometimes,Fairly Often,Sometimes
4/27/2020 21:58,Female,18-29,Yes,"Yes, I am going to work",Yes,Fairly Often,Sometimes,,Almost Never,Sometimes,Fairly Often,Sometimes,Sometimes,Sometimes,Fairly Often
4/27/2020 22:02,Female,30-44,No,No,Yes,Sometimes,Almost Never,Sometimes,Never,Sometimes,Almost Never,Almost Never,Almost Never,Never,Almost Never
4/27/2020 22:06,Female,45-54,Yes,No,No,Sometimes,Sometimes,Sometimes,Very Often,Fairly Often,Sometimes,Fairly Often,Fairly Often,Sometimes,Sometimes
4/27/2020 22:07,Female,45-54,Yes,"Yes, I am going to work",No,Very Often,Sometimes,Fairly Often,Sometimes,Sometimes,Fairly Often,Fairly Often,Fairly Often,Sometimes,Fairly Often
4/27/2020 22:08,Female,30-44,Not Employed,No,No,Very Often,Fairly Often,Sometimes,Fairly Often,Sometimes,Sometimes,Sometimes,Sometimes,Fairly Often,Fairly Often
4/27/2020 22:09,Female,30-44,Yes,"Yes, I am going to work",No,Sometimes,Sometimes,Fairly Often,Sometimes,Almost Never,Sometimes,Sometimes,Never,Sometimes,Sometimes
4/27/2020 22:11,Female,30-44,Not Employed,No,No,Sometimes,Sometimes,Sometimes,Very Often,Sometimes,Sometimes,Sometimes,Fairly Often,Sometimes,Sometimes
4/27/2020 22:13,Female,45-54,Yes,"Yes, I am going to work",No,Fairly Often,Very Often,Very Often,Very Often,Almost Never,Fairly Often,Sometimes,Sometimes,Sometimes,Sometimes
4/27/2020 22:20,Female,45-54,No,"Yes, I am working from home",No,Almost Never,Sometimes,Sometimes,Very Often,Fairly Often,Sometimes,Fairly Often,Fairly Often,Sometimes,Sometimes
4/27/2020 22:20,Male,55-64,No,No,No,Fairly Often,Sometimes,Sometimes,Fairly Often,Sometimes,Sometimes,Fairly Often,Sometimes,Fairly Often,Sometimes
4/27/2020 22:22,Female,30-44,Not Employed,No,No,Fairly Often,Very Often,Fairly Often,Fairly Often,Fairly Often,Fairly Often,Almost Never,Fairly Often,Sometimes,Sometimes
4/27/2020 22:22,Female,45-54,Yes,No,No,Sometimes,Almost Never,Never,Almost Never,Sometimes,Very Often,Sometimes,Sometimes,Never,Never
4/27/2020 22:24,Female,30-44,No,"Yes, I am working from home",No,Fairly Often,Sometimes,Fairly Often,Sometimes,Sometimes,Very Often,Sometimes,Sometimes,Fairly Often,Sometimes
4/27/2020 22:25,Female,18-29,Yes,"Yes, I am going to work",No,Sometimes,Sometimes,Sometimes,Fairly Often,Fairly Often,Sometimes,Fairly Often,Fairly Often,Sometimes,Sometimes
4/27/2020 22:29,Female,30-44,Not Employed,No,No,Sometimes,Sometimes,Sometimes,Sometimes,Sometimes,Sometimes,Sometimes,Fairly Often,Sometimes,Sometimes
4/27/2020 22:32,Female,30-44,No,No,No,Very Often,Sometimes,Sometimes,Sometimes,Very Often,Fairly Often,Sometimes,Fairly Often,Very Often,Fairly Often
4/27/2020 22:32,Female,55-64,Yes,"Yes, I am going to work",No,Sometimes,Sometimes,Sometimes,Sometimes,Sometimes,Fairly Often,Fairly Often,Fairly Often,Fairly Often,Fairly Often
4/27/2020 22:33,Female,55-64,Yes,"Yes, I am going to work",No,Sometimes,Sometimes,Sometimes,Sometimes,Sometimes,Fairly Often,Fairly Often,Fairly Often,Fairly Often,Fairly Often
4/27/2020 22:36,Female,30-44,Not Employed,No,No,Sometimes,Sometimes,Sometimes,Fairly Often,Fairly Often,Sometimes,Fairly Often,Sometimes,Sometimes,Sometimes
4/27/2020 22:39,Female,17 and below,No,No,Yes,Fairly Often,Fairly Often,Very Often,Sometimes,Almost Never,Sometimes,Sometimes,Never,Sometimes,Sometimes
4/27/2020 22:41,Female,30-44,No,"Yes, I am working from home",Yes,Sometimes,Sometimes,Sometimes,Very Often,Fairly Often,Almost Never,Fairly Often,Very Often,Almost Never,Almost Never
4/27/2020 22:48,Female,18-29,Not Employed,No,Yes,Sometimes,Fairly Often,Very Often,Almost Never,Almost Never,Fairly Often,Almost Never,Almost Never,Fairly Often,Fairly Often
4/27/2020 22:49,Female,30-44,Yes,"Yes, I am working from home",Yes,Sometimes,Sometimes,Very Often,Sometimes,Sometimes,Sometimes,Sometimes,Sometimes,Sometimes,Sometimes
4/27/2020 22:51,Female,30-44,Not Employed,No,No,Never,Sometimes,Never,Almost Never,Never,Never,Never,Never,Never,Never
4/27/2020 22:52,Female,18-29,Not Employed,No,Yes,Fairly Often,Very Often,Very Often,Sometimes,Sometimes,Sometimes,Fairly Often,Almost Never,Sometimes,Almost Never
4/27/2020 22:56,Female,30-44,Yes,"Yes, I am working from home",Yes,Fairly Often,Sometimes,Fairly Often,Sometimes,Almost Never,Fairly Often,Sometimes,Sometimes,Fairly Often,Almost Never
4/27/2020 22:56,Female,17 and below,No,No,Yes,Sometimes,Sometimes,Almost Never,Fairly Often,Sometimes,Almost Never,Fairly Often,Fairly Often,Sometimes,Almost Never
4/27/2020 22:59,Male,30-44,Not Employed,No,No,Sometimes,Sometimes,Fairly Often,Sometimes,Sometimes,Sometimes,Fairly Often,Almost Never,Sometimes,Sometimes
4/27/2020 23:00,Female,18-29,No,No,No,Never,Sometimes,Sometimes,Sometimes,Sometimes,Sometimes,Fairly Often,Sometimes,Sometimes,Sometimes
4/27/2020 23:04,Female,30-44,Not Employed,No,No,Sometimes,Fairly Often,Fairly Often,Sometimes,Almost Never,Sometimes,Sometimes,Almost Never,Sometimes,Fairly Often
4/27/2020 23:06,Female,30-44,Not Employed,No,No,Fairly Often,Sometimes,Fairly Often,Fairly Often,Sometimes,Almost Never,Sometimes,Sometimes,Fairly Often,Almost Never
4/27/2020 23:15,Female,30-44,Not Employed,No,No,Sometimes,Fairly Often,Fairly Often,Very Often,Fairly Often,Sometimes,Sometimes,Fairly Often,Very Often,Sometimes
4/27/2020 23:26,Female,18-29,No,"Yes, I am working from home",Yes,Almost Never,Never,Never,Very Often,Fairly Often,Almost Never,Very Often,Fairly Often,Never,Never
4/27/2020 23:26,Female,17 and below,Not Employed,No,Yes,Very Often,Very Often,Sometimes,Sometimes,Never,Sometimes,Almost Never,Never,Very Often,Very Often
4/27/2020 23:31,Female,30-44,No,No,No,Very Often,Sometimes,Sometimes,Almost Never,Fairly Often,Sometimes,Sometimes,Almost Never,Almost Never,Sometimes
4/27/2020 23:33,Male,18-29,Not Employed,No,Yes,Sometimes,Sometimes,Sometimes,Sometimes,Sometimes,Sometimes,Fairly Often,Almost Never,Almost Never,Sometimes
4/27/2020 23:42,Female,30-44,No,No,No,Sometimes,Sometimes,Fairly Often,Fairly Often,Fairly Often,Sometimes,Fairly Often,Fairly Often,Sometimes,Almost Never
4/27/2020 23:54,Female,18-29,Not Employed,No,No,Very Often,Very Often,Very Often,Almost Never,Very Often,Very Often,Almost Never,Almost Never,Very Often,Very Often
4/27/2020 23:55,Female,30-44,Not Employed,No,No,Almost Never,Almost Never,Sometimes,Fairly Often,Fairly Often,Almost Never,Sometimes,Fairly Often,Sometimes,Almost Never
4/28/2020 0:00,Female,18-29,Not Employed,No,No,Sometimes,Almost Never,Sometimes,Never,Sometimes,Sometimes,Sometimes,Sometimes,Sometimes,Never
4/28/2020 0:20,Female,30-44,No,"Yes, I am going to work",No,Sometimes,Never,Sometimes,Very Often,Sometimes,Never,Very Often,Very Often,Sometimes,Never
4/28/2020 0:21,Female,30-44,Not Employed,No,No,Sometimes,Almost Never,Fairly Often,Fairly Often,Sometimes,Sometimes,Fairly Often,Fairly Often,Sometimes,Sometimes
4/28/2020 0:28,Female,30-44,Not Employed,No,No,Sometimes,Fairly Often,Sometimes,Very Often,Never,Never,Almost Never,Sometimes,Fairly Often,Never
4/28/2020 0:34,Female,18-29,Not Employed,No,Yes,Sometimes,Sometimes,Sometimes,Sometimes,Fairly Often,Sometimes,Sometimes,Fairly Often,Sometimes,Sometimes
4/28/2020 0:46,Female,30-44,Not Employed,No,No,Never,Sometimes,Sometimes,Sometimes,Almost Never,Almost Never,Sometimes,Sometimes,Sometimes,Almost Never
4/28/2020 1:06,Female,30-44,No,No,No,Almost Never,Almost Never,Sometimes,Very Often,Very Often,Almost Never,Fairly Often,Fairly Often,Almost Never,Never
4/28/2020 1:13,Male,18-29,No,"Yes, I am going to work",Yes,Sometimes,Sometimes,Almost Never,Fairly Often,Fairly Often,Almost Never,Fairly Often,Sometimes,Almost Never,Almost Never
4/28/2020 1:43,Female,30-44,Yes,No,Yes,Almost Never,Sometimes,Sometimes,Fairly Often,Sometimes,Fairly Often,Very Often,Sometimes,Fairly Often,Very Often
4/28/2020 2:00,Female,30-44,No,No,No,Almost Never,Almost Never,Sometimes,Fairly Often,Sometimes,Sometimes,Fairly Often,Sometimes,Almost Never,Almost Never
4/28/2020 2:03,Female,30-44,No,No,No,Fairly Often,Never,Sometimes,Fairly Often,Sometimes,Sometimes,Sometimes,Fairly Often,Sometimes,Almost Never
4/28/2020 2:05,Female,30-44,Yes,"Yes, I am working from home",No,Sometimes,Sometimes,Fairly Often,Fairly Often,Sometimes,Sometimes,Sometimes,Sometimes,Sometimes,Sometimes
4/28/2020 2:28,Female,30-44,Not Employed,No,No,Never,Very Often,Sometimes,Very Often,Fairly Often,Sometimes,Never,Never,Sometimes,Fairly Often
4/28/2020 2:35,Female,30-44,Not Employed,No,No,Sometimes,Sometimes,Sometimes,Very Often,Sometimes,Almost Never,Very Often,Sometimes,Sometimes,Almost Never
4/28/2020 2:47,Female,30-44,Not Employed,No,No,Sometimes,Sometimes,Sometimes,Sometimes,Sometimes,Sometimes,Sometimes,Sometimes,Sometimes,Sometimes
4/28/2020 2:50,Female,18-29,Not Employed,No,No,Almost Never,Sometimes,Almost Never,Sometimes,Fairly Often,Sometimes,Sometimes,Sometimes,Sometimes,Almost Never
4/28/2020 3:41,Female,55-64,No,No,No,Sometimes,Sometimes,Sometimes,Very Often,Sometimes,Almost Never,Fairly Often,,Fairly Often,Sometimes
4/28/2020 3:42,Female,55-64,No,No,No,Sometimes,Sometimes,Sometimes,Very Often,Sometimes,Almost Never,Fairly Often,,Fairly Often,Sometimes
4/28/2020 4:33,Female,18-29,Yes,"Yes, I am working from home",No,Almost Never,Never,Never,Sometimes,Fairly Often,Never,Fairly Often,Very Often,Fairly Often,Almost Never
4/28/2020 4:36,Female,30-44,Not Employed,No,No,Sometimes,Sometimes,Sometimes,Sometimes,Sometimes,Sometimes,Sometimes,Sometimes,Sometimes,Sometimes
4/28/2020 4:46,Female,45-54,No,"Yes, I am going to work",No,Almost Never,Almost Never,Sometimes,Fairly Often,Sometimes,Sometimes,Sometimes,Almost Never,Sometimes,Sometimes
4/28/2020 5:09,Female,30-44,Not Employed,No,No,Sometimes,Sometimes,Sometimes,Sometimes,Sometimes,Sometimes,Sometimes,Sometimes,Sometimes,Sometimes
4/28/2020 5:26,Female,45-54,Not Employed,No,No,Sometimes,Almost Never,Never,Fairly Often,Fairly Often,Almost Never,Fairly Often,Fairly Often,Sometimes,Almost Never
4/28/2020 5:40,Female,30-44,Not Employed,No,No,Almost Never,Almost Never,Sometimes,Fairly Often,Sometimes,Sometimes,Sometimes,Almost Never,Almost Never,Almost Never
4/28/2020 6:10,Female,30-44,Yes,"Yes, I am going to work",No,Sometimes,Never,Sometimes,Sometimes,Almost Never,Sometimes,Sometimes,Very Often,Sometimes,Sometimes
4/28/2020 7:20,Female,30-44,Not Employed,No,No,Almost Never,Almost Never,Sometimes,Sometimes,Sometimes,Almost Never,Fairly Often,Sometimes,Sometimes,Sometimes
4/28/2020 7:31,Female,18-29,Yes,"Yes, I am working from home",No,Fairly Often,Very Often,Almost Never,Sometimes,Almost Never,Fairly Often,Sometimes,Almost Never,Very Often,Sometimes
4/28/2020 7:50,Female,30-44,Yes,No,No,Never,Never,Fairly Often,Sometimes,Sometimes,Sometimes,Sometimes,Sometimes,Sometimes,Sometimes
4/28/2020 8:07,Female,18-29,Yes,"Yes, I am working from home",No,Sometimes,Sometimes,Very Often,Sometimes,Fairly Often,Sometimes,Fairly Often,Fairly Often,Sometimes,Sometimes
4/28/2020 8:55,Female,18-29,Yes,"Yes, I am going to work",No,Sometimes,Fairly Often,Very Often,Sometimes,Almost Never,Sometimes,Almost Never,Very Often,Almost Never,Sometimes
4/28/2020 9:09,Female,45-54,Not Employed,No,No,Sometimes,Sometimes,Sometimes,Sometimes,Sometimes,Almost Never,Sometimes,Fairly Often,Sometimes,Almost Never
4/28/2020 9:17,Female,30-44,No,"Yes, I am working from home",No,Sometimes,Fairly Often,Very Often,Almost Never,Sometimes,Very Often,Sometimes,Sometimes,Fairly Often,Fairly Often
4/28/2020 9:26,Female,30-44,Not Employed,No,No,Sometimes,Sometimes,Sometimes,Sometimes,Sometimes,Sometimes,Sometimes,Sometimes,Sometimes,Sometimes
4/28/2020 9:34,Female,30-44,No,No,No,Almost Never,Sometimes,Sometimes,Very Often,Almost Never,Sometimes,Very Often,Very Often,Almost Never,Almost Never
4/28/2020 9:41,Female,30-44,Yes,"Yes, I am going to work",No,Sometimes,Almost Never,Sometimes,Fairly Often,Fairly Often,Sometimes,Fairly Often,Fairly Often,Sometimes,Almost Never
4/28/2020 10:08,Female,65 and above,Yes,"Yes, I am working from home",No,Almost Never,Almost Never,Almost Never,Fairly Often,Sometimes,Almost Never,Sometimes,Almost Never,Never,Sometimes
4/28/2020 10:56,Female,18-29,No,No,No,Sometimes,Almost Never,Sometimes,Fairly Often,Sometimes,Sometimes,Fairly Often,Fairly Often,Sometimes,Almost Never
4/28/2020 11:01,Female,45-54,No,"Yes, I am working from home",No,Almost Never,Sometimes,Fairly Often,Fairly Often,Sometimes,Sometimes,Fairly Often,Fairly Often,Sometimes,Almost Never
4/28/2020 11:33,Female,30-44,No,No,No,Sometimes,Almost Never,Sometimes,Fairly Often,Fairly Often,Never,Almost Never,Fairly Often,Never,Sometimes
4/28/2020 11:33,Male,30-44,Yes,"Yes, I am going to work",No,Almost Never,Almost Never,Almost Never,Fairly Often,Fairly Often,Almost Never,Fairly Often,Fairly Often,Almost Never,Almost Never
4/28/2020 11:34,Female,30-44,No,"Yes, I am working from home",No,Fairly Often,Sometimes,Fairly Often,Almost Never,Sometimes,Fairly Often,Almost Never,Sometimes,Fairly Often,Sometimes
4/28/2020 11:51,Female,18-29,Yes,No,No,Very Often,Very Often,Very Often,Almost Never,Almost Never,Very Often,Almost Never,Almost Never,Very Often,Very Often
4/28/2020 12:41,Female,30-44,No,No,Yes,Sometimes,Almost Never,Fairly Often,Fairly Often,Fairly Often,Sometimes,Fairly Often,Sometimes,Sometimes,Sometimes
4/28/2020 15:21,Male,30-44,No,"Yes, I am going to work",No,Fairly Often,Sometimes,Sometimes,Sometimes,Sometimes,Sometimes,Sometimes,Almost Never,Sometimes,Sometimes
4/28/2020 15:24,Female,30-44,No,No,No,Sometimes,Sometimes,Fairly Often,Sometimes,Sometimes,Never,Sometimes,Sometimes,Sometimes,Sometimes
4/28/2020 15:42,Male,30-44,Yes,"Yes, I am going to work",No,Sometimes,Almost Never,Fairly Often,Fairly Often,Sometimes,Almost Never,Sometimes,Sometimes,Sometimes,Sometimes
4/28/2020 15:50,Male,30-44,Yes,"Yes, I am going to work",No,Sometimes,Sometimes,Sometimes,Fairly Often,Sometimes,Almost Never,Fairly Often,Sometimes,Sometimes,Never
4/28/2020 16:39,Female,30-44,Not Employed,No,Yes,Very Often,Sometimes,Very Often,Sometimes,Sometimes,Sometimes,Fairly Often,Fairly Often,Sometimes,Sometimes
4/28/2020 17:04,Female,18-29,Not Employed,No,Yes,Very Often,Very Often,Very Often,Never,Almost Never,Very Often,Almost Never,Never,Very Often,Very Often
4/28/2020 17:15,Female,18-29,Not Employed,No,No,Fairly Often,Sometimes,Sometimes,Very Often,Never,Sometimes,Sometimes,Almost Never,Sometimes,Fairly Often
4/28/2020 17:35,Female,18-29,Yes,"Yes, I am going to work",No,Almost Never,Fairly Often,Sometimes,Fairly Often,Fairly Often,Almost Never,Very Often,Fairly Often,Never,Almost Never
4/28/2020 18:57,Female,18-29,Yes,"Yes, I am going to work",Yes,Sometimes,Almost Never,Sometimes,Very Often,Almost Never,Almost Never,Sometimes,Fairly Often,Almost Never,Almost Never
4/29/2020 0:25,Female,45-54,Yes,"Yes, I am working from home",No,Sometimes,Sometimes,Fairly Often,Sometimes,Sometimes,Fairly Often,Sometimes,Fairly Often,Sometimes,Sometimes
4/29/2020 3:50,Female,45-54,Not Employed,No,No,Very Often,Very Often,Very Often,Very Often,Sometimes,Fairly Often,Sometimes,Almost Never,Sometimes,Sometimes
4/29/2020 4:06,Female,18-29,Yes,"Yes, I am going to work",Yes,Sometimes,Sometimes,Very Often,Very Often,Fairly Often,Very Often,Fairly Often,Fairly Often,Very Often,Fairly Often
4/29/2020 16:05,Female,18-29,Yes,"Yes, I am going to work",No,Very Often,Very Often,Very Often,Almost Never,Never,Sometimes,Almost Never,Almost Never,Very Often,
4/29/2020 19:12,Female,30-44,No,No,Yes,Sometimes,Fairly Often,Very Often,Very Often,Sometimes,Sometimes,Sometimes,Sometimes,Very Often,Very Often
4/29/2020 20:40,Female,18-29,Yes,"Yes, I am going to work",No,Never,Never,Sometimes,Almost Never,Almost Never,Almost Never,Almost Never,Very Often,Almost Never,Never
4/29/2020 20:59,Male,18-29,Yes,"Yes, I am going to work",No,Almost Never,Fairly Often,Sometimes,Fairly Often,Sometimes,Sometimes,Fairly Often,Very Often,Sometimes,Almost Never
4/29/2020 20:59,Male,30-44,Yes,"Yes, I am going to work",No,Sometimes,Never,Almost Never,Fairly Often,Sometimes,Almost Never,Fairly Often,Sometimes,Sometimes,Sometimes
4/29/2020 20:59,Female,30-44,No,"Yes, I am working from home",No,Fairly Often,Sometimes,Very Often,Fairly Often,Fairly Often,Almost Never,Sometimes,Sometimes,Sometimes,Almost Never
4/29/2020 21:00,Female,18-29,Yes,"Yes, I am going to work",No,Sometimes,Sometimes,Sometimes,Sometimes,Sometimes,Sometimes,Sometimes,Sometimes,Sometimes,Sometimes
4/29/2020 21:02,Male,30-44,Yes,"Yes, I am going to work",Yes,Sometimes,Sometimes,Sometimes,Fairly Often,Fairly Often,Almost Never,Fairly Often,Fairly Often,Never,Sometimes
4/29/2020 21:04,Female,18-29,Yes,"Yes, I am going to work",Yes,Almost Never,Sometimes,Sometimes,Fairly Often,Sometimes,Sometimes,Fairly Often,Fairly Often,Almost Never,Almost Never
4/29/2020 21:05,Male,30-44,Yes,"Yes, I am going to work",No,Sometimes,Never,Almost Never,Very Often,Very Often,Never,Very Often,Very Often,Almost Never,Almost Never
4/29/2020 21:12,Female,18-29,Yes,"Yes, I am working from home",Yes,Fairly Often,Sometimes,Very Often,Sometimes,Sometimes,Very Often,Fairly Often,Almost Never,Fairly Often,Very Often
4/29/2020 21:16,Female,30-44,Yes,"Yes, I am going to work",No,Fairly Often,Very Often,Very Often,Sometimes,Sometimes,Fairly Often,Fairly Often,Fairly Often,Fairly Often,Fairly Often
4/29/2020 21:30,Male,18-29,No,"Yes, I am working from home",No,Almost Never,Sometimes,Sometimes,Fairly Often,Fairly Often,Almost Never,Very Often,Fairly Often,Almost Never,Almost Never
4/29/2020 22:09,Male,30-44,Yes,"Yes, I am going to work",No,Sometimes,Almost Never,Fairly Often,Fairly Often,Sometimes,Sometimes,Fairly Often,Fairly Often,Almost Never,Almost Never
4/29/2020 22:45,Female,45-54,No,No,No,Sometimes,Sometimes,Sometimes,Sometimes,Sometimes,Fairly Often,Fairly Often,Fairly Often,Sometimes,Sometimes
4/30/2020 5:42,Male,45-54,Yes,"Yes, I am going to work",No,Almost Never,Almost Never,Almost Never,Very Often,Sometimes,Never,Very Often,Fairly Often,Sometimes,Never
4/30/2020 6:21,Female,18-29,Yes,"Yes, I am going to work",No,Fairly Often,Fairly Often,Fairly Often,Sometimes,Almost Never,Sometimes,Almost Never,Almost Never,Fairly Often,Sometimes
4/30/2020 6:59,Female,30-44,Yes,"Yes, I am going to work",No,Fairly Often,Sometimes,Fairly Often,Sometimes,Sometimes,Sometimes,Sometimes,Sometimes,Sometimes,Fairly Often
4/30/2020 8:07,Female,18-29,Yes,"Yes, I am going to work",No,Sometimes,Sometimes,Sometimes,Almost Never,Fairly Often,Almost Never,Fairly Often,Fairly Often,Almost Never,Almost Never
4/30/2020 8:21,Female,55-64,Yes,"Yes, I am going to work",No,Almost Never,Almost Never,Almost Never,Fairly Often,Fairly Often,Sometimes,Fairly Often,Fairly Often,Almost Never,Almost Never
4/30/2020 8:55,Female,18-29,Yes,"Yes, I am going to work",No,Sometimes,Fairly Often,Fairly Often,Sometimes,Almost Never,Fairly Often,Fairly Often,Fairly Often,Sometimes,Sometimes
4/30/2020 15:00,Female,30-44,Yes,"Yes, I am going to work",No,Fairly Often,Sometimes,Fairly Often,Sometimes,Sometimes,Sometimes,Sometimes,Sometimes,Sometimes,Fairly Often
4/30/2020 18:22,Female,55-64,No,"Yes, I am working from home",No,Fairly Often,Sometimes,Sometimes,Very Often,Sometimes,Sometimes,Fairly Often,Sometimes,Fairly Often,Sometimes
4/30/2020 18:24,Female,65 and above,Not Employed,No,No,Sometimes,Sometimes,Sometimes,Very Often,Sometimes,Never,Fairly Often,Sometimes,Almost Never,Never
4/30/2020 22:48,Female,45-54,No,No,No,Sometimes,Almost Never,Fairly Often,Fairly Often,Sometimes,Sometimes,Sometimes,Fairly Often,Sometimes,Sometimes
5/1/2020 0:49,Female,30-44,No,No,No,Fairly Often,Very Often,Sometimes,Very Often,Sometimes,Fairly Often,Very Often,Fairly Often,Fairly Often,Fairly Often
5/1/2020 6:23,Male,18-29,Yes,"Yes, I am going to work",No,Sometimes,Sometimes,Sometimes,Very Often,Almost Never,Sometimes,Fairly Often,Sometimes,Sometimes,Almost Never
5/1/2020 10:52,Female,18-29,Yes,"Yes, I am going to work",No,Sometimes,Sometimes,Sometimes,Sometimes,Sometimes,Sometimes,Sometimes,Sometimes,Sometimes,Sometimes
5/1/2020 19:49,Female,30-44,Not Employed,No,Yes,Fairly Often,Sometimes,Sometimes,Fairly Often,Almost Never,Sometimes,Sometimes,Sometimes,Fairly Often,Sometimes
5/2/2020 9:23,Female,30-44,Not Employed,No,No,Sometimes,Sometimes,Sometimes,Sometimes,Sometimes,Sometimes,Sometimes,Sometimes,Sometimes,Sometimes
5/2/2020 18:27,Female,30-44,Not Employed,No,No,Sometimes,Sometimes,Sometimes,Fairly Often,Fairly Often,Almost Never,Fairly Often,Fairly Often,Sometimes,Sometimes
5/3/2020 9:41,Female,45-54,Yes,"Yes, I am working from home",No,Sometimes,Sometimes,Sometimes,Fairly Often,Fairly Often,Sometimes,Fairly Often,Fairly Often,Very Often,Almost Never
5/4/2020 14:27,Female,30-44,No,No,No,Sometimes,Sometimes,Sometimes,Sometimes,Sometimes,Sometimes,Sometimes,Sometimes,Sometimes,Sometimes
5/4/2020 20:39,Male,18-29,Yes,"Yes, I am going to work",No,Fairly Often,Fairly Often,Very Often,Sometimes,Never,Sometimes,Sometimes,Almost Never,Fairly Often,Very Often
5/5/2020 0:59,Female,18-29,Not Employed,No,No,Almost Never,Never,Never,Sometimes,Sometimes,Almost Never,Almost Never,Fairly Often,Almost Never,Almost Never
5/5/2020 4:33,Male,30-44,Yes,"Yes, I am going to work",No,Sometimes,Fairly Often,Fairly Often,Fairly Often,Almost Never,Never,Very Often,Fairly Often,Never,Sometimes
5/5/2020 19:38,Female,18-29,No,No,Yes,Almost Never,Sometimes,Almost Never,Fairly Often,Fairly Often,Almost Never,Fairly Often,Sometimes,Almost Never,Almost Never
5/5/2020 19:45,Male,30-44,Yes,"Yes, I am going to work",No,Never,Never,Never,Never,Never,Never,Never,Never,Never,Never
5/5/2020 19:48,Male,30-44,Yes,"Yes, I am going to work",No,Sometimes,Almost Never,Almost Never,Fairly Often,Sometimes,Never,Fairly Often,Fairly Often,Never,Never
5/5/2020 19:51,Male,30-44,Yes,"Yes, I am going to work",No,Never,Almost Never,Sometimes,Almost Never,Sometimes,Almost Never,Never,Never,Sometimes,Never
5/5/2020 19:52,Male,18-29,Yes,No,No,Sometimes,Sometimes,Sometimes,Sometimes,Sometimes,Sometimes,Fairly Often,Almost Never,Almost Never,Fairly Often
5/5/2020 19:52,Male,18-29,Yes,"Yes, I am working from home",No,Never,Never,Sometimes,Fairly Often,Fairly Often,Fairly Often,Fairly Often,Fairly Often,Almost Never,Almost Never
5/5/2020 19:53,Male,18-29,Yes,"Yes, I am working from home",No,Sometimes,Sometimes,Almost Never,Very Often,Very Often,Almost Never,Fairly Often,Fairly Often,Fairly Often,Never
5/5/2020 19:56,Male,18-29,No,"Yes, I am working from home",No,Fairly Often,Fairly Often,Fairly Often,Sometimes,Sometimes,Sometimes,Fairly Often,Sometimes,Fairly Often,Almost Never
5/5/2020 19:56,Male,18-29,No,"Yes, I am working from home",No,Never,Never,Sometimes,Very Often,Very Often,Never,Very Often,Very Often,Never,Never
5/5/2020 20:02,Male,18-29,Yes,"Yes, I am going to work",No,Sometimes,Sometimes,Sometimes,Sometimes,Sometimes,Sometimes,Sometimes,Sometimes,Sometimes,Sometimes
5/5/2020 20:08,Male,18-29,Not Employed,No,No,Sometimes,Sometimes,Fairly Often,Sometimes,,Sometimes,Sometimes,Almost Never,Sometimes,Fairly Often
5/5/2020 20:10,Female,30-44,Yes,"Yes, I am going to work",No,Very Often,Sometimes,Sometimes,Never,Sometimes,Almost Never,Sometimes,Fairly Often,Sometimes,Fairly Often
5/5/2020 20:11,Male,30-44,No,"Yes, I am working from home",No,Almost Never,Never,Sometimes,Fairly Often,Sometimes,Sometimes,Fairly Often,Sometimes,Almost Never,Almost Never
5/5/2020 20:13,Female,30-44,No,"Yes, I am working from home",No,Almost Never,Sometimes,Sometimes,Fairly Often,Fairly Often,Almost Never,Very Often,Fairly Often,Sometimes,Almost Never
5/5/2020 20:15,Female,18-29,No,No,No,Sometimes,Fairly Often,Fairly Often,Sometimes,Sometimes,Fairly Often,Sometimes,Almost Never,Fairly Often,Sometimes
5/5/2020 20:15,Female,30-44,No,"Yes, I am working from home",No,Almost Never,Almost Never,Sometimes,Very Often,Sometimes,Almost Never,Fairly Often,Fairly Often,Sometimes,Never
5/5/2020 20:17,Female,18-29,Yes,"Yes, I am going to work",Yes,Sometimes,Fairly Often,Almost Never,Fairly Often,Sometimes,Fairly Often,Almost Never,Sometimes,Sometimes,Sometimes
5/5/2020 20:18,Female,18-29,Not Employed,No,No,Fairly Often,Fairly Often,Fairly Often,Fairly Often,Fairly Often,Sometimes,Fairly Often,Sometimes,Sometimes,Sometimes
5/5/2020 20:24,Female,18-29,No,No,No,Fairly Often,Fairly Often,Very Often,Sometimes,Sometimes,Fairly Often,Almost Never,Almost Never,Very Often,Fairly Often
5/5/2020 20:29,Female,30-44,Yes,"Yes, I am working from home",Yes,Fairly Often,Fairly Often,Fairly Often,Sometimes,Sometimes,Fairly Often,Almost Never,Sometimes,Fairly Often,Fairly Often
5/5/2020 20:30,Female,30-44,No,No,No,Fairly Often,Very Often,Very Often,Almost Never,Never,Fairly Often,Almost Never,Almost Never,Fairly Often,Very Often
5/5/2020 20:46,Female,18-29,Not Employed,No,No,Sometimes,Fairly Often,Very Often,Sometimes,Fairly Often,Sometimes,Sometimes,Never,Sometimes,Very Often
5/5/2020 20:49,Female,30-44,No,No,No,Sometimes,Sometimes,Fairly Often,Fairly Often,Sometimes,Fairly Often,Sometimes,Never,Fairly Often,Fairly Often
5/5/2020 20:51,Female,18-29,Yes,"Yes, I am going to work",No,Never,Almost Never,Sometimes,Very Often,Fairly Often,Never,Very Often,Fairly Often,Sometimes,Never
5/5/2020 20:51,Female,18-29,Yes,No,Yes,Sometimes,Sometimes,Sometimes,Fairly Often,Fairly Often,Almost Never,Sometimes,,Fairly Often,Almost Never
5/5/2020 20:57,Female,18-29,Yes,No,Yes,Almost Never,Sometimes,Sometimes,Fairly Often,Fairly Often,Almost Never,Fairly Often,Fairly Often,Sometimes,Almost Never
5/5/2020 21:03,Female,18-29,Not Employed,No,No,Sometimes,Sometimes,Very Often,Almost Never,Sometimes,Sometimes,Almost Never,Never,Sometimes,Never
5/5/2020 21:11,Female,30-44,No,"Yes, I am working from home",No,Sometimes,Almost Never,Almost Never,Very Often,Sometimes,Never,Sometimes,Fairly Often,Sometimes,Never
5/5/2020 21:20,Female,30-44,Yes,"Yes, I am going to work",No,Sometimes,Fairly Often,Fairly Often,Fairly Often,Sometimes,Almost Never,Very Often,Fairly Often,Sometimes,Almost Never
5/5/2020 21:24,Female,18-29,No,"Yes, I am working from home",No,Sometimes,Fairly Often,Sometimes,Sometimes,Sometimes,Almost Never,Sometimes,Almost Never,Fairly Often,Almost Never
5/5/2020 21:28,Female,18-29,Yes,"Yes, I am going to work",Yes,Sometimes,Sometimes,Sometimes,Never,Sometimes,Almost Never,Fairly Often,Sometimes,Almost Never,Sometimes
5/5/2020 21:29,Female,18-29,Not Employed,No,No,Fairly Often,Very Often,Very Often,Sometimes,Almost Never,Fairly Often,Almost Never,Almost Never,Fairly Often,Sometimes
5/5/2020 21:30,Female,18-29,Yes,"Yes, I am going to work",No,Never,Never,Never,Very Often,Fairly Often,Never,Fairly Often,Very Often,Almost Never,Never
5/5/2020 21:36,Female,30-44,No,No,No,Fairly Often,Fairly Often,Fairly Often,Almost Never,Sometimes,Sometimes,Sometimes,Sometimes,Sometimes,Sometimes
5/5/2020 21:37,Female,18-29,Not Employed,No,No,Fairly Often,Sometimes,Fairly Often,Sometimes,Sometimes,Sometimes,Almost Never,Sometimes,Fairly Often,Sometimes
5/5/2020 21:38,Female,18-29,Yes,"Yes, I am going to work",No,Almost Never,Sometimes,Sometimes,Fairly Often,Fairly Often,Almost Never,Fairly Often,Sometimes,Almost Never,Never
5/5/2020 21:39,Female,30-44,Not Employed,No,Yes,Fairly Often,Fairly Often,Fairly Often,Fairly Often,Sometimes,Sometimes,Sometimes,Sometimes,Sometimes,Fairly Often
5/5/2020 21:41,Female,18-29,Not Employed,No,No,Fairly Often,Very Often,Very Often,Sometimes,Almost Never,Very Often,Sometimes,Almost Never,Fairly Often,Very Often
5/5/2020 21:44,Male,18-29,Yes,"Yes, I am going to work",No,Almost Never,Never,Never,Very Often,Never,Never,Very Often,Very Often,Never,Never
5/5/2020 21:46,Female,18-29,Yes,"Yes, I am working from home",No,Fairly Often,Sometimes,Fairly Often,Fairly Often,Sometimes,Sometimes,Sometimes,Sometimes,Fairly Often,Fairly Often
5/5/2020 21:47,Female,30-44,Not Employed,No,No,Almost Never,Sometimes,Fairly Often,Sometimes,Almost Never,Sometimes,Sometimes,Almost Never,Sometimes,Fairly Often
5/5/2020 21:48,Female,45-54,Not Employed,No,No,Fairly Often,Very Often,Very Often,Fairly Often,Sometimes,Fairly Often,Sometimes,Almost Never,Very Often,Sometimes
5/5/2020 21:50,Female,18-29,Yes,"Yes, I am going to work",No,Fairly Often,Sometimes,Fairly Often,Sometimes,Almost Never,Fairly Often,Sometimes,Sometimes,Fairly Often,Sometimes
5/5/2020 21:51,Female,18-29,Yes,"Yes, I am working from home",No,Almost Never,Almost Never,Sometimes,Fairly Often,Fairly Often,Almost Never,Fairly Often,Fairly Often,Almost Never,Never
5/5/2020 21:51,Female,18-29,Not Employed,No,Yes,Fairly Often,Sometimes,Fairly Often,Fairly Often,Never,Never,,Never,Very Often,Never
5/5/2020 21:58,Female,18-29,No,No,No,Fairly Often,Fairly Often,Fairly Often,Sometimes,Sometimes,Very Often,Almost Never,Almost Never,Fairly Often,Sometimes
5/5/2020 22:00,Female,18-29,Yes,"Yes, I am going to work",No,Fairly Often,Very Often,Very Often,Sometimes,Fairly Often,Sometimes,Sometimes,Almost Never,Fairly Often,Fairly Often
5/5/2020 22:01,Female,30-44,No,No,No,Very Often,Very Often,Very Often,Almost Never,Fairly Often,Very Often,Sometimes,Almost Never,Fairly Often,Fairly Often
5/5/2020 22:04,Female,30-44,Yes,"Yes, I am working from home",No,Sometimes,Fairly Often,Fairly Often,Sometimes,Sometimes,Fairly Often,Almost Never,Never,Fairly Often,Sometimes
5/5/2020 22:04,Female,18-29,No,No,No,Fairly Often,Sometimes,Very Often,Fairly Often,Fairly Often,Sometimes,Sometimes,Sometimes,Sometimes,Almost Never
5/5/2020 22:07,Female,18-29,Not Employed,No,No,Fairly Often,Sometimes,Fairly Often,Sometimes,Fairly Often,Almost Never,Fairly Often,Sometimes,Sometimes,Sometimes
5/5/2020 22:17,Female,18-29,Not Employed,No,No,Fairly Often,Fairly Often,Fairly Often,Very Often,Almost Never,Very Often,Almost Never,Never,Very Often,Fairly Often
5/5/2020 22:18,Female,18-29,Yes,"Yes, I am going to work",No,Sometimes,Almost Never,Sometimes,Fairly Often,Fairly Often,Sometimes,Very Often,Sometimes,Sometimes,Fairly Often
5/5/2020 22:40,Female,18-29,No,No,No,Fairly Often,Very Often,Very Often,Fairly Often,Almost Never,Fairly Often,Sometimes,Almost Never,Very Often,Fairly Often
5/5/2020 22:49,Female,18-29,Yes,No,No,Sometimes,Very Often,Very Often,Almost Never,Almost Never,Almost Never,Sometimes,Almost Never,Fairly Often,Sometimes
5/5/2020 23:03,Female,30-44,Yes,"Yes, I am working from home",Yes,Sometimes,Sometimes,Sometimes,Fairly Often,Sometimes,Never,Fairly Often,Sometimes,Sometimes,Almost Never
5/5/2020 23:06,Female,18-29,No,No,No,Very Often,Very Often,Very Often,Sometimes,Almost Never,Very Often,Sometimes,Sometimes,Fairly Often,Very Often
5/5/2020 23:17,Female,18-29,No,"Yes, I am working from home",No,Fairly Often,Fairly Often,Fairly Often,Sometimes,Almost Never,Almost Never,Sometimes,Sometimes,Fairly Often,Fairly Often
5/5/2020 23:47,Female,30-44,Not Employed,No,No,Sometimes,Sometimes,Fairly Often,Sometimes,Sometimes,Sometimes,Sometimes,Almost Never,Fairly Often,Almost Never
5/6/2020 0:20,Male,30-44,Yes,"Yes, I am going to work",No,Sometimes,Never,Almost Never,Never,Fairly Often,Sometimes,Fairly Often,Fairly Often,Almost Never,Never
5/6/2020 0:39,Female,18-29,Yes,"Yes, I am going to work",No,Sometimes,Sometimes,Fairly Often,Fairly Often,Sometimes,Almost Never,Fairly Often,Fairly Often,Sometimes,Almost Never
5/6/2020 1:25,Female,18-29,No,No,No,Sometimes,Never,Sometimes,Never,Almost Never,Never,Never,Fairly Often,Almost Never,Never
5/6/2020 1:49,Female,18-29,Yes,No,No,Fairly Often,Fairly Often,Fairly Often,Sometimes,Almost Never,Sometimes,Sometimes,Never,Fairly Often,Very Often
5/6/2020 1:57,Female,30-44,No,"Yes, I am working from home",No,Sometimes,Sometimes,Fairly Often,Sometimes,Sometimes,Sometimes,Sometimes,Almost Never,Sometimes,Fairly Often
5/6/2020 2:12,Female,30-44,Yes,"Yes, I am going to work",No,Sometimes,Sometimes,Sometimes,Fairly Often,Fairly Often,Almost Never,Fairly Often,Sometimes,Almost Never,Almost Never
5/6/2020 2:32,Female,30-44,No,"Yes, I am working from home",,Fairly Often,Fairly Often,Fairly Often,Sometimes,Sometimes,Very Often,Almost Never,Never,Fairly Often,Fairly Often
5/6/2020 2:56,Female,18-29,No,No,No,Fairly Often,Very Often,Very Often,Sometimes,Sometimes,Sometimes,Sometimes,Almost Never,Fairly Often,Sometimes
5/6/2020 3:01,Female,18-29,Yes,"Yes, I am going to work",No,Almost Never,Sometimes,Almost Never,Fairly Often,Almost Never,Sometimes,Very Often,Almost Never,Very Often,Almost Never
5/6/2020 3:08,Female,30-44,No,No,No,Fairly Often,Fairly Often,Very Often,Sometimes,Never,Sometimes,Sometimes,Almost Never,Fairly Often,Sometimes
5/6/2020 3:12,Female,18-29,No,"Yes, I am working from home",No,Sometimes,Very Often,Very Often,Sometimes,Very Often,Very Often,Fairly Often,Never,Fairly Often,Fairly Often
5/6/2020 3:19,Female,30-44,Yes,"Yes, I am working from home",Yes,Sometimes,Sometimes,Very Often,Sometimes,Sometimes,Fairly Often,Sometimes,Almost Never,Sometimes,Fairly Often
5/6/2020 4:07,Female,30-44,Not Employed,No,No,Fairly Often,Sometimes,Fairly Often,Fairly Often,Almost Never,Sometimes,Sometimes,Never,Sometimes,Almost Never
5/6/2020 4:10,Female,18-29,Not Employed,No,No,Sometimes,Sometimes,Almost Never,Fairly Often,Fairly Often,Almost Never,Very Often,Sometimes,Almost Never,Never
5/6/2020 4:26,Female,30-44,Yes,"Yes, I am going to work",No,Very Often,Fairly Often,Very Often,Sometimes,Almost Never,Sometimes,Sometimes,Almost Never,Fairly Often,Very Often
5/6/2020 4:36,Female,18-29,Yes,"Yes, I am working from home",No,Sometimes,Almost Never,Sometimes,Fairly Often,Fairly Often,Sometimes,Sometimes,Fairly Often,Almost Never,Sometimes
5/6/2020 4:42,Female,18-29,Yes,"Yes, I am working from home",No,Fairly Often,Almost Never,Fairly Often,Sometimes,Sometimes,Sometimes,Sometimes,Sometimes,Almost Never,Almost Never
5/6/2020 4:47,Female,30-44,Yes,No,No,Fairly Often,Sometimes,Fairly Often,Fairly Often,Sometimes,Sometimes,Sometimes,Almost Never,Sometimes,Sometimes
5/6/2020 4:53,Female,18-29,Yes,No,No,Almost Never,Sometimes,Fairly Often,Fairly Often,Sometimes,Very Often,Sometimes,Almost Never,Fairly Often,Sometimes
5/6/2020 4:54,Female,18-29,Yes,"Yes, I am going to work",Yes,Fairly Often,Very Often,Very Often,Sometimes,Never,Almost Never,Almost Never,Never,Fairly Often,Fairly Often
5/6/2020 5:02,Female,18-29,No,"Yes, I am working from home",No,Sometimes,Fairly Often,Sometimes,Fairly Often,Sometimes,Almost Never,Sometimes,Almost Never,Fairly Often,Almost Never
5/6/2020 5:34,Female,18-29,No,No,Yes,Almost Never,Almost Never,Very Often,Sometimes,Almost Never,Sometimes,Sometimes,Almost Never,Almost Never,Fairly Often
5/6/2020 5:48,Female,18-29,Not Employed,No,No,Very Often,Very Often,Very Often,Never,Never,Very Often,Never,Never,Very Often,Very Often
5/6/2020 5:54,Female,55-64,Yes,"Yes, I am going to work",No,Sometimes,Sometimes,Fairly Often,Sometimes,Fairly Often,Fairly Often,Sometimes,Sometimes,Fairly Often,Sometimes
5/6/2020 6:07,Female,18-29,Yes,No,No,Almost Never,Very Often,Sometimes,Very Often,Sometimes,Never,Sometimes,Sometimes,Sometimes,Almost Never
5/6/2020 6:13,Female,30-44,Not Employed,No,No,Sometimes,Sometimes,Sometimes,Sometimes,Almost Never,Fairly Often,Sometimes,Sometimes,Sometimes,Fairly Often
5/6/2020 6:17,Female,30-44,Yes,"Yes, I am working from home",No,Almost Never,Never,Sometimes,Fairly Often,Sometimes,Almost Never,Very Often,Fairly Often,Almost Never,Almost Never
5/6/2020 6:23,Female,30-44,Yes,"Yes, I am working from home",No,Fairly Often,Fairly Often,Very Often,Almost Never,Sometimes,Never,Almost Never,Fairly Often,Fairly Often,Never
5/6/2020 6:27,Female,30-44,Yes,"Yes, I am working from home",No,Sometimes,Sometimes,Almost Never,Very Often,Fairly Often,Never,Sometimes,Fairly Often,Sometimes,Never
5/6/2020 7:06,Female,30-44,Yes,"Yes, I am going to work",No,Sometimes,Sometimes,Fairly Often,Sometimes,Sometimes,Fairly Often,Sometimes,Almost Never,Fairly Often,Fairly Often
5/6/2020 7:19,Female,18-29,Not Employed,No,No,Sometimes,Fairly Often,Fairly Often,Sometimes,Sometimes,Sometimes,Sometimes,Sometimes,Sometimes,Sometimes
5/6/2020 7:20,Female,18-29,No,No,Yes,Fairly Often,Fairly Often,Very Often,Sometimes,Sometimes,Very Often,Almost Never,Almost Never,Very Often,Very Often
5/6/2020 7:30,Female,18-29,Yes,"Yes, I am working from home",No,Very Often,Very Often,Very Often,Almost Never,Almost Never,Fairly Often,Sometimes,Almost Never,Very Often,Very Often
5/6/2020 7:43,Female,30-44,Yes,"Yes, I am going to work",No,Sometimes,Fairly Often,Fairly Often,Sometimes,Sometimes,Sometimes,Fairly Often,Sometimes,Sometimes,Sometimes
5/6/2020 8:01,Female,18-29,No,No,No,Sometimes,Almost Never,Fairly Often,Fairly Often,Sometimes,Sometimes,Fairly Often,Almost Never,Sometimes,Very Often
5/6/2020 8:07,Female,30-44,No,No,No,Almost Never,Almost Never,Sometimes,Fairly Often,Sometimes,Never,Fairly Often,Sometimes,Never,Never
5/6/2020 8:12,Female,30-44,No,No,No,Sometimes,Sometimes,Almost Never,Fairly Often,Sometimes,Never,Fairly Often,Sometimes,Fairly Often,Never
5/6/2020 8:20,Female,18-29,Yes,"Yes, I am going to work",No,Very Often,Very Often,Very Often,Sometimes,Almost Never,Very Often,Very Often,Sometimes,Very Often,Very Often
5/6/2020 8:25,Female,18-29,No,"Yes, I am working from home",No,Fairly Often,Fairly Often,Fairly Often,Almost Never,Never,Sometimes,Almost Never,Almost Never,Fairly Often,Fairly Often
5/6/2020 8:29,Female,18-29,No,No,No,Fairly Often,Very Often,Fairly Often,Sometimes,Almost Never,Sometimes,Almost Never,Sometimes,Very Often,Sometimes
5/6/2020 8:30,Female,18-29,Not Employed,No,No,Sometimes,Fairly Often,Fairly Often,Sometimes,Almost Never,Sometimes,Almost Never,Never,Fairly Often,Very Often
5/6/2020 9:30,Female,18-29,No,"Yes, I am going to work",Yes,Almost Never,Sometimes,Sometimes,Fairly Often,Almost Never,Sometimes,Sometimes,Fairly Often,Sometimes,Almost Never
5/6/2020 9:42,Female,18-29,No,"Yes, I am going to work",Yes,Almost Never,Sometimes,Sometimes,Fairly Often,Almost Never,Sometimes,Sometimes,Fairly Often,Sometimes,Almost Never
5/6/2020 9:57,Female,18-29,No,"Yes, I am going to work",Yes,Almost Never,Sometimes,Sometimes,Fairly Often,Almost Never,Sometimes,Sometimes,Fairly Often,Sometimes,Almost Never
5/6/2020 9:58,Female,18-29,No,"Yes, I am going to work",Yes,Almost Never,Sometimes,Sometimes,Fairly Often,Almost Never,Sometimes,Sometimes,Fairly Often,Sometimes,Almost Never
5/6/2020 10:10,Female,18-29,No,"Yes, I am going to work",Yes,Almost Never,Sometimes,Sometimes,Fairly Often,Almost Never,Sometimes,Sometimes,Fairly Often,Sometimes,Almost Never
5/6/2020 10:54,Female,18-29,Yes,"Yes, I am going to work",No,Sometimes,Sometimes,Fairly Often,Sometimes,Sometimes,Sometimes,Sometimes,Sometimes,Sometimes,Fairly Often
5/6/2020 10:54,Female,30-44,No,No,No,Very Often,Very Often,Very Often,Sometimes,Almost Never,Fairly Often,Sometimes,Sometimes,Sometimes,Fairly Often
5/6/2020 10:59,Female,18-29,No,No,No,Very Often,Very Often,Very Often,Sometimes,Sometimes,Sometimes,Sometimes,Almost Never,Fairly Often,Fairly Often
5/6/2020 11:10,Female,18-29,Yes,"Yes, I am working from home",Yes,Very Often,Fairly Often,Very Often,Sometimes,Almost Never,Sometimes,Sometimes,Almost Never,Very Often,Fairly Often
5/6/2020 11:15,Female,18-29,No,"Yes, I am going to work",Yes,Almost Never,Sometimes,Sometimes,Fairly Often,Almost Never,Sometimes,Sometimes,Fairly Often,Sometimes,Almost Never
5/6/2020 11:33,Female,18-29,No,"Yes, I am working from home",No,Fairly Often,Fairly Often,Very Often,Sometimes,Sometimes,Sometimes,Sometimes,Sometimes,Very Often,Sometimes
5/6/2020 11:43,Female,18-29,No,"Yes, I am going to work",Yes,Almost Never,Sometimes,Sometimes,Fairly Often,Almost Never,Sometimes,Sometimes,Fairly Often,Sometimes,Almost Never
5/6/2020 11:44,Female,30-44,Not Employed,No,No,Sometimes,Sometimes,Fairly Often,Fairly Often,Sometimes,Very Often,Almost Never,Sometimes,Very Often,Almost Never
5/6/2020 11:51,Female,18-29,Yes,"Yes, I am going to work",No,Fairly Often,Sometimes,Very Often,Sometimes,Sometimes,Fairly Often,Almost Never,Sometimes,Fairly Often,Fairly Often
5/6/2020 11:57,Female,18-29,Not Employed,No,No,Almost Never,Almost Never,Never,Never,Sometimes,Never,Fairly Often,Fairly Often,Fairly Often,Never
5/6/2020 12:00,Female,30-44,Not Employed,No,No,Sometimes,Sometimes,Fairly Often,Fairly Often,Fairly Often,Sometimes,Fairly Often,,Sometimes,Sometimes
5/6/2020 12:02,Female,30-44,Not Employed,No,No,Sometimes,Sometimes,Fairly Often,Sometimes,Almost Never,Fairly Often,Sometimes,Almost Never,Fairly Often,Sometimes
5/6/2020 12:02,Male,30-44,No,"Yes, I am working from home",No,Never,Never,Almost Never,Very Often,Fairly Often,Never,Fairly Often,Very Often,Never,Never
5/6/2020 12:04,Female,18-29,Yes,"Yes, I am going to work",No,Very Often,Very Often,Very Often,Sometimes,Sometimes,Very Often,Fairly Often,Sometimes,Fairly Often,Very Often
5/6/2020 12:09,Female,18-29,No,"Yes, I am going to work",Yes,Almost Never,Sometimes,Sometimes,Fairly Often,Almost Never,Sometimes,Sometimes,Fairly Often,Sometimes,Almost Never
5/6/2020 12:12,Female,30-44,Yes,"Yes, I am going to work",No,Sometimes,Fairly Often,Very Often,Almost Never,Almost Never,Fairly Often,Almost Never,Almost Never,Sometimes,Very Often
5/6/2020 12:17,Female,18-29,No,No,Yes,Sometimes,Almost Never,Almost Never,Fairly Often,Sometimes,Almost Never,Fairly Often,Sometimes,Almost Never,Almost Never
5/6/2020 12:17,Female,18-29,No,"Yes, I am going to work",Yes,Almost Never,Sometimes,Sometimes,Fairly Often,Almost Never,Sometimes,Sometimes,Fairly Often,Sometimes,Almost Never
5/6/2020 12:17,Female,18-29,Yes,"Yes, I am going to work",No,Very Often,Sometimes,Very Often,Almost Never,Almost Never,Sometimes,Sometimes,Almost Never,Fairly Often,Fairly Often
5/6/2020 12:19,Male,65 and above,Not Employed,No,No,Never,Never,Never,Never,Very Often,Never,Never,Very Often,Never,Never
5/6/2020 12:26,Female,18-29,No,"Yes, I am going to work",Yes,Almost Never,Sometimes,Sometimes,Fairly Often,Almost Never,Sometimes,Sometimes,Fairly Often,Sometimes,Almost Never
5/6/2020 12:28,Female,30-44,No,"Yes, I am working from home",No,Almost Never,Almost Never,Almost Never,Fairly Often,Fairly Often,Almost Never,Sometimes,Fairly Often,Sometimes,Almost Never
5/6/2020 12:29,Female,18-29,No,No,No,Fairly Often,Sometimes,Fairly Often,Sometimes,Sometimes,Fairly Often,Sometimes,Almost Never,Fairly Often,Sometimes
5/6/2020 12:30,Female,18-29,Not Employed,No,No,Sometimes,Fairly Often,Fairly Often,Sometimes,Almost Never,Sometimes,Sometimes,Almost Never,Sometimes,Fairly Often
5/6/2020 12:42,Female,30-44,Not Employed,No,No,Sometimes,Fairly Often,Fairly Often,Sometimes,Sometimes,Almost Never,Sometimes,Sometimes,Almost Never,Almost Never
5/6/2020 12:44,Female,18-29,No,"Yes, I am going to work",Yes,Almost Never,Sometimes,Sometimes,Fairly Often,Almost Never,Sometimes,Sometimes,Fairly Often,Sometimes,Almost Never
5/6/2020 12:45,Female,18-29,Yes,"Yes, I am working from home",No,Sometimes,Fairly Often,Fairly Often,Fairly Often,Sometimes,Sometimes,Sometimes,Almost Never,Fairly Often,Sometimes
5/6/2020 12:56,Female,18-29,No,"Yes, I am working from home",No,Sometimes,Sometimes,Fairly Often,Sometimes,Sometimes,Sometimes,Fairly Often,Sometimes,Fairly Often,Fairly Often
5/6/2020 13:01,Female,18-29,Not Employed,No,No,Sometimes,Fairly Often,Fairly Often,Sometimes,Almost Never,Sometimes,Sometimes,Almost Never,Fairly Often,Fairly Often
5/6/2020 13:30,Female,18-29,Not Employed,No,Yes,Sometimes,Sometimes,Fairly Often,Sometimes,Almost Never,Sometimes,Never,Sometimes,Fairly Often,Almost Never
5/6/2020 13:46,Female,18-29,No,No,Yes,Fairly Often,Fairly Often,Fairly Often,Sometimes,Almost Never,Fairly Often,Sometimes,Sometimes,Sometimes,Fairly Often
5/6/2020 13:55,Female,30-44,No,No,Yes,Sometimes,Sometimes,Fairly Often,Sometimes,Sometimes,Almost Never,Sometimes,Almost Never,Fairly Often,Sometimes
5/6/2020 14:02,Female,18-29,Yes,"Yes, I am going to work",No,Almost Never,Sometimes,Sometimes,Fairly Often,Fairly Often,Fairly Often,Fairly Often,Sometimes,Almost Never,Sometimes
5/6/2020 14:24,Female,30-44,Yes,"Yes, I am going to work",No,Very Often,Very Often,Very Often,Sometimes,Sometimes,Sometimes,Almost Never,Almost Never,Very Often,Fairly Often
5/6/2020 14:31,Female,18-29,Not Employed,No,No,Fairly Often,Sometimes,Very Often,Sometimes,Sometimes,Very Often,Never,Sometimes,Very Often,Very Often
5/6/2020 15:05,Female,18-29,Yes,"Yes, I am going to work",No,Almost Never,Almost Never,Almost Never,Very Often,Sometimes,Sometimes,Fairly Often,Fairly Often,Fairly Often,Sometimes
5/6/2020 15:44,Female,18-29,No,"Yes, I am working from home",No,Sometimes,Sometimes,Fairly Often,Almost Never,Almost Never,Sometimes,Almost Never,Almost Never,Fairly Often,Very Often
5/6/2020 16:17,Female,30-44,Yes,"Yes, I am working from home",No,Fairly Often,Sometimes,Very Often,Fairly Often,Sometimes,Sometimes,Sometimes,Sometimes,Fairly Often,Sometimes
5/6/2020 16:33,Female,18-29,Yes,"Yes, I am working from home",No,Fairly Often,Fairly Often,Very Often,Sometimes,Almost Never,Sometimes,Almost Never,Almost Never,Sometimes,Fairly Often
5/6/2020 19:17,Female,30-44,Not Employed,No,No,Almost Never,Almost Never,Sometimes,Fairly Often,Sometimes,Sometimes,Sometimes,Fairly Often,Almost Never,Almost Never
5/6/2020 19:35,Female,18-29,No,"Yes, I am working from home",No,Sometimes,Fairly Often,Very Often,Sometimes,Sometimes,Almost Never,Sometimes,Almost Never,Sometimes,Sometimes
5/6/2020 20:06,Female,18-29,No,"Yes, I am working from home",No,Sometimes,Very Often,Fairly Often,Fairly Often,Almost Never,Never,Fairly Often,Almost Never,Fairly Often,Sometimes
5/6/2020 22:54,Female,30-44,Yes,"Yes, I am going to work",No,Fairly Often,Fairly Often,Sometimes,Fairly Often,Sometimes,Almost Never,Sometimes,Fairly Often,Sometimes,Never
5/7/2020 4:33,Female,18-29,Yes,"Yes, I am going to work",No,Fairly Often,Very Often,Very Often,Sometimes,Almost Never,Fairly Often,Sometimes,Never,Fairly Often,Very Often
5/7/2020 6:50,Female,30-44,Yes,"Yes, I am going to work",No,Almost Never,Never,Never,Never,Very Often,Never,Fairly Often,Fairly Often,Almost Never,Never
5/7/2020 7:26,Female,18-29,No,No,No,Sometimes,Fairly Often,Very Often,Sometimes,,Fairly Often,Sometimes,Sometimes,Fairly Often,Sometimes
5/7/2020 9:14,Female,18-29,Not Employed,"Yes, I am going to work",No,Almost Never,Fairly Often,Very Often,Sometimes,Almost Never,Sometimes,Almost Never,Almost Never,Fairly Often,Sometimes
5/7/2020 13:14,Female,18-29,Yes,"Yes, I am going to work",No,Sometimes,Fairly Often,Fairly Often,Fairly Often,Sometimes,Almost Never,Fairly Often,Fairly Often,Fairly Often,Sometimes
5/7/2020 13:30,Female,18-29,Not Employed,No,No,Sometimes,Sometimes,Fairly Often,Fairly Often,Sometimes,Sometimes,Sometimes,Sometimes,Fairly Often,Sometimes
5/7/2020 13:39,Female,18-29,Yes,"Yes, I am going to work",No,Fairly Often,Very Often,Fairly Often,Sometimes,Sometimes,Very Often,Sometimes,Sometimes,Sometimes,Fairly Often
5/7/2020 17:38,Female,18-29,No,No,,Very Often,Very Often,Very Often,Almost Never,Sometimes,Almost Never,Fairly Often,Sometimes,Fairly Often,Almost Never
5/7/2020 18:27,Male,18-29,Yes,"Yes, I am going to work",No,Almost Never,Sometimes,Almost Never,Fairly Often,Sometimes,Almost Never,Fairly Often,Sometimes,Sometimes,Never
5/7/2020 20:16,Male,30-44,Yes,"Yes, I am working from home",No,Sometimes,Almost Never,Fairly Often,Sometimes,Very Often,Almost Never,Fairly Often,Fairly Often,Almost Never,Almost Never
5/8/2020 4:19,Female,18-29,Not Employed,No,No,Sometimes,Sometimes,Fairly Often,Fairly Often,Sometimes,Never,Fairly Often,Sometimes,Sometimes,Never
5/8/2020 7:19,Female,18-29,Yes,"Yes, I am working from home",No,Almost Never,Fairly Often,Sometimes,Fairly Often,Sometimes,Never,Fairly Often,Sometimes,Sometimes,Almost Never
5/8/2020 7:42,Female,18-29,Yes,"Yes, I am going to work",No,Almost Never,Sometimes,Sometimes,Fairly Often,Fairly Often,Almost Never,Fairly Often,Fairly Often,Fairly Often,Almost Never
5/8/2020 10:00,Male,18-29,No,No,No,Never,Never,Never,Never,Never,Never,Never,Never,Never,Almost Never
5/8/2020 15:16,Male,18-29,No,No,No,Almost Never,Sometimes,Fairly Often,Sometimes,Almost Never,Almost Never,Sometimes,Almost Never,Sometimes,Sometimes
5/8/2020 15:38,Female,18-29,Not Employed,No,No,Very Often,Very Often,Very Often,Fairly Often,Almost Never,Fairly Often,Sometimes,Sometimes,Almost Never,Almost Never
5/8/2020 21:59,Female,18-29,Yes,"Yes, I am going to work",Yes,Fairly Often,Sometimes,Fairly Often,Fairly Often,Sometimes,Sometimes,Almost Never,Sometimes,Sometimes,Fairly Often
5/9/2020 10:23,Male,30-44,No,"Yes, I am working from home",No,Almost Never,Never,Almost Never,Very Often,Fairly Often,Very Often,Fairly Often,Fairly Often,Never,Never
5/10/2020 18:52,Male,45-54,Yes,"Yes, I am going to work",No,Sometimes,Almost Never,Sometimes,Almost Never,Fairly Often,Almost Never,Fairly Often,Fairly Often,Sometimes,Almost Never
5/11/2020 16:01,Female,30-44,Yes,"Yes, I am going to work",No,Sometimes,Sometimes,Sometimes,Sometimes,Sometimes,Sometimes,Sometimes,Sometimes,Sometimes,Sometimes
5/12/2020 7:16,Male,30-44,Yes,"Yes, I am going to work",No,Almost Never,Almost Never,Sometimes,Fairly Often,Sometimes,Sometimes,Fairly Often,Sometimes,Almost Never,Almost Never
